id,date,time,temperature,humidity,energy_usage,particulate,area
1,01/01/20,11:04,60,0.8,0xffe,6.20E+00,1
2,01/01/20,20:29,60,0.8,0xff3,6.30E+00,1
3,01/01/20,22:03,60,0.8,0xfef,6.50E+00,1
4,01/01/20,23:09,60,0.8,0xfe5,6.50E+00,1
5,01/02/20,0:11,60,0.8,0xfe3,6.60E+00,1
6,01/02/20,9:44,60,0.8,0xfe2,6.80E+00,1
7,01/02/20,15:14,60,0.8,0xfda,6.90E+00,1
8,01/02/20,20:53,60,0.8,0xfd9,6.90E+00,1
9,01/03/20,2:08,60,0.8,0xfd3,6.90E+00,1
10,01/03/20,4:12,60,0.8,0xfd2,7.00E+00,1
11,01/03/20,4:21,60,0.8,0xfcd,7.20E+00,1
12,01/03/20,6:50,60,0.8,0xfc6,7.30E+00,1
13,01/03/20,22:26,60,0.8,0xfc3,7.60E+00,1
14,01/04/20,0:44,60,0.79,0xfc2,7.60E+00,1
15,01/04/20,4:18,60,0.79,0xfc2,7.60E+00,1
16,01/04/20,8:40,60,0.79,0xfbe,7.60E+00,1
17,01/04/20,9:02,60,0.79,0xfbd,7.70E+00,1
18,01/04/20,11:09,60,0.79,0xfac,8.10E+00,1
19,01/04/20,14:31,60,0.79,0xfab,9.30E+00,1
20,01/04/20,16:53,60,0.79,0xfa2,9.40E+00,1
21,01/04/20,17:42,60,0.79,0xfa1,9.60E+00,1
22,01/04/20,22:25,60,0.79,0xf99,9.70E+00,1
23,01/04/20,22:55,60,0.79,0xf98,9.70E+00,1
24,01/05/20,1:49,60,0.79,0xf8e,9.70E+00,1
25,01/05/20,2:44,60,0.79,0xf8b,9.70E+00,1
26,01/05/20,3:08,60,0.79,0xf89,9.80E+00,1
27,01/05/20,3:40,60,0.79,0xf89,9.80E+00,1
28,01/05/20,4:42,60,0.79,0xf87,9.90E+00,1
29,01/05/20,5:56,60,0.79,0xf85,9.90E+00,1
30,01/05/20,7:21,60,0.79,0xf84,9.90E+00,1
31,01/05/20,7:49,60,0.79,0xf83,1.00E+01,1
32,01/05/20,9:15,60,0.79,0xf78,1.00E+01,1
33,01/05/20,9:49,60,0.79,0xf64,1.10E+01,1
34,01/05/20,13:51,60,0.78,0xf62,1.10E+01,1
35,01/05/20,19:12,60,0.78,0xf5b,1.20E+01,1
36,01/05/20,21:20,60,0.78,0xf52,1.20E+01,1
37,01/05/20,22:57,60,0.78,0xf4d,1.20E+01,1
38,01/06/20,0:37,60,0.78,0xf4c,1.20E+01,1
39,01/06/20,3:53,60,0.78,0xf49,1.20E+01,1
40,01/06/20,4:26,60,0.78,0xf47,1.20E+01,1
41,01/06/20,18:20,60,0.78,0xf46,1.30E+01,1
42,01/06/20,23:00,60,0.78,0xf3e,1.30E+01,1
43,01/07/20,3:29,60,0.78,0xf3e,1.30E+01,1
44,01/07/20,3:38,60,0.78,0xf3d,1.30E+01,1
45,01/07/20,6:31,60,0.78,0xf35,1.30E+01,1
46,01/07/20,8:20,60,0.78,0xf33,1.30E+01,1
47,01/07/20,13:26,60,0.78,0xf2f,1.30E+01,1
48,01/07/20,16:37,61,0.78,0xf2a,1.30E+01,1
49,01/07/20,17:11,61,0.78,0xf25,1.30E+01,1
50,01/07/20,17:22,61,0.78,0xf1d,1.40E+01,1
51,01/07/20,21:11,61,0.78,0xf16,1.40E+01,1
52,01/07/20,22:29,61,0.78,0xf12,1.40E+01,1
53,01/07/20,22:34,61,0.78,0xf11,1.40E+01,1
54,01/07/20,23:55,61,0.77,0xf07,1.40E+01,1
55,01/08/20,0:16,61,0.77,0xf06,1.40E+01,1
56,01/08/20,0:23,61,0.77,0xf02,1.40E+01,1
57,01/08/20,4:07,61,0.77,0xefb,1.40E+01,1
58,01/08/20,4:50,61,0.77,0xefa,1.50E+01,1
59,01/08/20,7:40,61,0.77,0xef6,1.50E+01,1
60,01/08/20,8:09,61,0.77,0xeee,1.50E+01,1
61,01/08/20,11:39,61,0.77,0xeee,1.50E+01,1
62,01/08/20,12:56,61,0.77,0xee6,1.50E+01,1
63,01/08/20,13:11,61,0.77,0xee6,1.50E+01,1
64,01/08/20,14:31,61,0.77,0xee3,1.50E+01,1
65,01/08/20,14:59,61,0.77,0xedf,1.60E+01,1
66,01/08/20,15:41,61,0.77,0xede,1.60E+01,1
67,01/08/20,21:20,61,0.77,0xede,1.60E+01,1
68,01/08/20,21:36,61,0.77,0xed6,1.60E+01,1
69,01/08/20,22:41,61,0.77,0xecd,1.60E+01,1
70,01/09/20,1:30,61,0.77,0xeca,1.60E+01,1
71,01/09/20,7:37,61,0.77,0xec6,1.60E+01,1
72,01/09/20,10:34,61,0.77,0xec5,1.70E+01,1
73,01/09/20,13:24,61,0.77,0xeb9,1.70E+01,1
74,01/09/20,17:19,61,0.77,0xeb8,1.70E+01,1
75,01/09/20,18:03,61,0.77,0xeb6,1.70E+01,1
76,01/09/20,22:07,61,0.77,0xeb2,1.70E+01,1
77,01/10/20,4:49,61,0.76,0xeb2,1.70E+01,1
78,01/10/20,10:57,61,0.76,0xeae,1.80E+01,1
79,01/10/20,13:01,61,0.76,0xeae,1.80E+01,1
80,01/10/20,16:32,61,0.76,0xead,1.80E+01,1
81,01/10/20,20:00,61,0.76,0xea8,1.80E+01,1
82,01/11/20,7:49,61,0.76,0xea5,1.80E+01,1
83,01/11/20,10:08,61,0.76,0xe9e,1.80E+01,1
84,01/11/20,11:58,61,0.76,0xe97,1.90E+01,1
85,01/11/20,16:50,62,0.76,0xe96,1.90E+01,1
86,01/11/20,16:59,62,0.76,0xe84,1.90E+01,1
87,01/11/20,19:49,62,0.76,0xe70,2.00E+01,1
88,01/11/20,21:05,62,0.76,0xe6f,2.00E+01,1
89,01/11/20,23:18,62,0.76,0xe6e,2.00E+01,1
90,01/12/20,5:30,62,0.76,0xe6e,2.00E+01,1
91,01/12/20,5:54,62,0.76,0xe64,2.00E+01,1
92,01/12/20,9:29,62,0.76,0xe5a,2.00E+01,1
93,01/12/20,12:50,62,0.76,0xe59,2.10E+01,1
94,01/12/20,12:52,62,0.76,0xe55,2.10E+01,1
95,01/12/20,14:42,62,0.76,0xe49,2.20E+01,1
96,01/12/20,16:25,62,0.76,0xe48,2.20E+01,1
97,01/12/20,16:43,62,0.76,0xe3d,2.20E+01,1
98,01/12/20,18:11,62,0.76,0xe33,2.20E+01,1
99,01/12/20,21:16,62,0.76,0xe33,2.20E+01,1
100,01/13/20,3:20,62,0.76,0xe31,2.20E+01,1
101,01/13/20,5:34,62,0.76,0xe2b,2.20E+01,1
102,01/13/20,8:03,62,0.76,0xe29,2.20E+01,1
103,01/13/20,8:19,62,0.76,0xe22,2.20E+01,1
104,01/13/20,13:42,62,0.75,0xe1d,2.30E+01,1
105,01/13/20,14:49,62,0.75,0xe19,2.30E+01,1
106,01/13/20,15:04,62,0.75,0xe0f,2.30E+01,1
107,01/13/20,19:47,62,0.75,0xe0c,2.30E+01,1
108,01/13/20,21:53,62,0.75,0xdfc,2.30E+01,1
109,01/13/20,22:51,62,0.75,0xdfc,2.30E+01,1
110,01/14/20,4:19,62,0.75,0xdfa,2.40E+01,1
111,01/14/20,5:24,62,0.75,0xdf8,2.40E+01,1
112,01/14/20,7:12,62,0.75,0xdf7,2.40E+01,1
113,01/14/20,7:24,62,0.75,0xdeb,2.40E+01,1
114,01/14/20,7:46,62,0.75,0xde6,2.40E+01,1
115,01/14/20,8:20,62,0.75,0xde1,2.40E+01,1
116,01/14/20,9:10,62,0.75,0xde0,2.50E+01,1
117,01/14/20,12:44,62,0.75,0xdd5,2.50E+01,1
118,01/14/20,20:04,62,0.75,0xdd3,2.50E+01,1
119,01/15/20,4:31,62,0.75,0xdd2,2.50E+01,1
120,01/15/20,7:25,62,0.75,0xdd1,2.50E+01,1
121,01/15/20,8:13,62,0.75,0xdd1,2.50E+01,1
122,01/15/20,13:40,62,0.74,0xdcd,2.50E+01,1
123,01/15/20,15:01,62,0.74,0xdcb,2.50E+01,1
124,01/15/20,15:56,62,0.74,0xdca,2.50E+01,1
125,01/16/20,1:04,62,0.74,0xdc6,2.50E+01,1
126,01/16/20,2:14,62,0.74,0xdc3,2.50E+01,1
127,01/16/20,11:10,62,0.74,0xdc3,2.50E+01,1
128,01/16/20,11:46,62,0.74,0xdc2,2.60E+01,1
129,01/16/20,11:56,62,0.74,0xdbb,2.60E+01,1
130,01/16/20,12:40,62,0.74,0xdad,2.60E+01,1
131,01/16/20,13:12,62,0.74,0xdac,2.60E+01,1
132,01/16/20,13:53,62,0.74,0xdab,2.60E+01,1
133,01/16/20,14:43,62,0.74,0xda4,2.60E+01,1
134,01/16/20,14:50,62,0.74,0xda1,2.60E+01,1
135,01/16/20,17:15,62,0.74,0xd98,2.70E+01,1
136,01/16/20,20:53,62,0.74,0xd97,2.70E+01,1
137,01/17/20,0:55,63,0.74,0xd94,2.70E+01,1
138,01/17/20,2:05,63,0.74,0xd88,2.70E+01,1
139,01/17/20,3:24,63,0.74,0xd87,2.70E+01,1
140,01/17/20,4:49,63,0.74,0xd7f,2.70E+01,1
141,01/17/20,7:17,63,0.74,0xd7c,2.70E+01,1
142,01/17/20,7:26,63,0.74,0xd7b,2.70E+01,1
143,01/17/20,8:37,63,0.74,0xd77,2.80E+01,1
144,01/17/20,13:20,63,0.74,0xd77,2.80E+01,1
145,01/17/20,16:23,63,0.74,0xd76,2.90E+01,1
146,01/17/20,19:23,63,0.74,0xd75,2.90E+01,1
147,01/17/20,23:58,63,0.74,0xd75,2.90E+01,1
148,01/18/20,1:20,63,0.74,0xd74,2.90E+01,1
149,01/18/20,5:57,63,0.74,0xd72,2.90E+01,1
150,01/18/20,10:00,63,0.74,0xd72,3.00E+01,1
151,01/18/20,14:19,63,0.74,0xd6e,3.00E+01,1
152,01/18/20,16:21,63,0.74,0xd6c,3.00E+01,1
153,01/18/20,20:39,63,0.74,0xd6b,3.00E+01,1
154,01/18/20,21:13,63,0.74,0xd67,3.00E+01,1
155,01/19/20,2:32,63,0.74,0xd62,3.00E+01,1
156,01/19/20,8:05,63,0.73,0xd61,3.10E+01,1
157,01/19/20,17:04,63,0.73,0xd61,3.10E+01,1
158,01/19/20,17:49,63,0.73,0xd5e,3.10E+01,1
159,01/19/20,18:44,63,0.73,0xd5d,3.10E+01,1
160,01/19/20,20:48,63,0.73,0xd54,3.10E+01,1
161,01/20/20,1:00,63,0.73,0xd51,3.10E+01,1
162,01/20/20,4:03,63,0.73,0xd4c,3.20E+01,1
163,01/20/20,6:01,63,0.73,0xd47,3.20E+01,1
164,01/20/20,12:03,63,0.73,0xd40,3.20E+01,1
165,01/20/20,13:37,63,0.73,0xd40,3.20E+01,1
166,01/20/20,14:07,63,0.73,0xd36,3.20E+01,1
167,01/20/20,22:32,63,0.73,0xd2e,3.20E+01,1
168,01/21/20,3:21,63,0.73,0xd2d,3.20E+01,1
169,01/21/20,3:45,63,0.73,0xd2d,3.20E+01,1
170,01/21/20,4:01,63,0.73,0xd2c,3.20E+01,1
171,01/21/20,4:22,63,0.73,0xd1d,3.30E+01,1
172,01/21/20,5:40,63,0.73,0xd1c,3.30E+01,1
173,01/21/20,5:51,63,0.73,0xd18,3.30E+01,1
174,01/21/20,5:55,63,0.73,0xd18,3.30E+01,1
175,01/21/20,7:59,63,0.73,0xd15,3.30E+01,1
176,01/21/20,10:17,63,0.73,0xd0e,3.30E+01,1
177,01/21/20,10:32,63,0.73,0xd07,3.40E+01,1
178,01/21/20,19:46,63,0.73,0xd05,3.40E+01,1
179,01/21/20,22:10,63,0.73,0xd04,3.40E+01,1
180,01/21/20,23:16,63,0.73,0xcff,3.40E+01,1
181,01/22/20,0:18,63,0.73,0xcfe,3.40E+01,1
182,01/22/20,5:05,63,0.73,0xcfd,3.40E+01,1
183,01/22/20,8:41,63,0.72,0xcfb,3.40E+01,1
184,01/22/20,11:39,63,0.72,0xcf5,3.50E+01,1
185,01/22/20,16:24,63,0.72,0xcf0,3.50E+01,1
186,01/22/20,17:19,64,0.72,0xcec,3.50E+01,1
187,01/22/20,18:56,64,0.72,0xcec,3.50E+01,1
188,01/22/20,20:10,64,0.72,0xce6,3.50E+01,1
189,01/22/20,20:16,64,0.72,0xce5,3.50E+01,1
190,01/22/20,22:46,64,0.72,0xcde,3.50E+01,1
191,01/23/20,1:17,64,0.72,0xcda,3.50E+01,1
192,01/23/20,16:04,64,0.72,0xcd8,3.50E+01,1
193,01/23/20,20:23,64,0.72,0xcd6,3.60E+01,1
194,01/23/20,23:03,64,0.72,0xccd,3.60E+01,1
195,01/24/20,0:11,64,0.72,0xcc6,3.60E+01,1
196,01/24/20,11:06,64,0.72,0xcc4,3.60E+01,1
197,01/24/20,11:16,64,0.72,0xcc2,3.60E+01,1
198,01/24/20,12:51,64,0.72,0xcc1,3.60E+01,1
199,01/24/20,13:47,64,0.72,0xcbf,3.60E+01,1
200,01/24/20,15:32,64,0.72,0xcbc,3.60E+01,1
201,01/24/20,15:34,64,0.72,0xcb2,3.60E+01,1
202,01/24/20,16:10,64,0.72,0xcaf,3.60E+01,1
203,01/24/20,17:03,64,0.72,0xcac,3.60E+01,1
204,01/24/20,18:13,64,0.72,0xcaa,3.60E+01,1
205,01/25/20,2:29,64,0.72,0xc9e,3.60E+01,1
206,01/25/20,5:01,64,0.72,0xc98,3.70E+01,1
207,01/25/20,7:31,64,0.72,0xc89,3.70E+01,1
208,01/25/20,8:13,64,0.72,0xc88,3.70E+01,1
209,01/25/20,10:19,64,0.72,0xc88,3.70E+01,1
210,01/25/20,11:38,64,0.72,0xc86,3.70E+01,1
211,01/25/20,13:56,64,0.72,0xc85,3.70E+01,1
212,01/25/20,17:34,64,0.72,0xc84,3.80E+01,1
213,01/25/20,19:57,64,0.72,0xc81,3.80E+01,1
214,01/25/20,22:18,64,0.72,0xc7c,3.80E+01,1
215,01/25/20,22:51,64,0.72,0xc78,3.90E+01,1
216,01/26/20,3:48,64,0.72,0xc74,3.90E+01,1
217,01/26/20,3:54,64,0.72,0xc72,3.90E+01,1
218,01/26/20,4:44,64,0.71,0xc69,3.90E+01,1
219,01/26/20,12:49,64,0.71,0xc66,3.90E+01,1
220,01/26/20,13:38,64,0.71,0xc65,4.00E+01,1
221,01/26/20,15:07,64,0.71,0xc5d,4.00E+01,1
222,01/26/20,21:44,64,0.71,0xc5c,4.00E+01,1
223,01/26/20,22:47,64,0.71,0xc5a,4.00E+01,1
224,01/27/20,4:38,64,0.71,0xc5a,4.00E+01,1
225,01/27/20,14:25,64,0.71,0xc56,4.00E+01,1
226,01/27/20,21:49,64,0.71,0xc55,4.00E+01,1
227,01/27/20,22:27,64,0.71,0xc43,4.00E+01,1
228,01/28/20,5:52,64,0.71,0xc43,4.00E+01,1
229,01/28/20,10:53,64,0.71,0xc3a,4.00E+01,1
230,01/28/20,15:05,64,0.71,0xc3a,4.00E+01,1
231,01/28/20,15:26,64,0.71,0xc37,4.10E+01,1
232,01/28/20,15:59,64,0.71,0xc30,4.10E+01,1
233,01/28/20,16:07,64,0.71,0xc2e,4.10E+01,1
234,01/28/20,17:55,64,0.71,0xc2d,4.10E+01,1
235,01/28/20,20:15,64,0.71,0xc28,4.10E+01,1
236,01/28/20,21:39,64,0.71,0xc26,4.10E+01,1
237,01/29/20,0:10,64,0.71,0xc25,4.10E+01,1
238,01/29/20,3:57,64,0.71,0xc24,4.20E+01,1
239,01/29/20,5:44,64,0.71,0xc24,4.20E+01,1
240,01/29/20,7:57,65,0.71,0xc1f,4.20E+01,1
241,01/29/20,16:27,65,0.71,0xc1c,4.20E+01,1
242,01/29/20,17:38,65,0.71,0xc1b,4.20E+01,1
243,01/29/20,18:31,65,0.71,0xc14,4.20E+01,1
244,01/29/20,20:03,65,0.71,0xc13,4.20E+01,1
245,01/30/20,2:07,65,0.71,0xc10,4.30E+01,1
246,01/30/20,6:57,65,0.71,0xc0f,4.30E+01,1
247,01/30/20,11:16,65,0.71,0xc0f,4.30E+01,1
248,01/30/20,12:51,65,0.71,0xc04,4.30E+01,1
249,01/30/20,16:57,65,0.71,0xc02,4.40E+01,1
250,01/31/20,13:59,65,0.71,0xbfb,4.40E+01,1
251,01/31/20,14:39,65,0.7,0xbee,4.40E+01,1
252,01/31/20,15:12,65,0.7,0xbe5,4.40E+01,1
253,01/31/20,18:32,65,0.7,0xbe3,4.50E+01,1
254,01/31/20,20:57,65,0.7,0xbd3,4.50E+01,1
255,02/01/20,0:07,65,0.7,0xbd1,4.50E+01,1
256,02/01/20,5:13,65,0.7,0xbcf,4.50E+01,1
257,02/01/20,11:20,65,0.7,0xbc9,4.50E+01,1
258,02/01/20,16:55,65,0.7,0xbc4,4.60E+01,1
259,02/01/20,19:26,65,0.7,0xbc3,4.60E+01,1
260,02/01/20,20:55,65,0.7,0xbba,4.60E+01,1
261,02/01/20,23:12,65,0.7,0xbb6,4.70E+01,1
262,02/02/20,2:11,65,0.7,0xbae,4.70E+01,1
263,02/02/20,7:57,65,0.7,0xbae,4.70E+01,1
264,02/02/20,11:48,65,0.7,0xbad,4.70E+01,1
265,02/02/20,14:40,65,0.7,0xba2,4.70E+01,1
266,02/02/20,18:06,65,0.7,0xb9f,4.70E+01,1
267,02/02/20,19:19,65,0.7,0xb96,4.70E+01,1
268,02/02/20,21:28,65,0.7,0xb93,4.80E+01,1
269,02/03/20,4:26,65,0.7,0xb92,4.80E+01,1
270,02/03/20,6:09,65,0.7,0xb92,4.80E+01,1
271,02/03/20,6:56,65,0.7,0xb91,4.80E+01,1
272,02/03/20,8:18,65,0.7,0xb8f,4.80E+01,1
273,02/03/20,10:33,65,0.69,0xb8d,4.80E+01,1
274,02/03/20,14:12,65,0.69,0xb85,4.90E+01,1
275,02/03/20,14:59,65,0.69,0xb7f,4.90E+01,1
276,02/03/20,15:55,65,0.69,0xb7e,4.90E+01,1
277,02/04/20,6:34,65,0.69,0xb7c,4.90E+01,1
278,02/04/20,9:33,65,0.69,0xb75,4.90E+01,1
279,02/04/20,11:29,65,0.69,0xb70,5.00E+01,1
280,02/04/20,12:02,65,0.69,0xb6e,5.00E+01,1
281,02/04/20,14:33,65,0.69,0xb6d,5.00E+01,1
282,02/04/20,15:30,65,0.69,0xb62,5.00E+01,1
283,02/04/20,15:42,65,0.69,0xb5a,5.00E+01,1
284,02/04/20,17:16,66,0.69,0xb50,5.00E+01,1
285,02/04/20,17:38,66,0.69,0xb4e,5.10E+01,1
286,02/04/20,18:02,66,0.69,0xb4d,5.10E+01,1
287,02/05/20,1:54,66,0.69,0xb4d,5.10E+01,1
288,02/05/20,4:42,66,0.69,0xb3c,5.10E+01,1
289,02/05/20,7:36,66,0.69,0xb36,5.10E+01,1
290,02/05/20,12:56,66,0.69,0xb30,5.10E+01,1
291,02/05/20,15:53,66,0.69,0xb2f,5.10E+01,1
292,02/05/20,21:20,66,0.69,0xb2d,5.20E+01,1
293,02/05/20,21:56,66,0.69,0xb2d,5.20E+01,1
294,02/06/20,0:36,66,0.69,0xb1f,5.20E+01,1
295,02/06/20,1:08,66,0.69,0xb1e,5.20E+01,1
296,02/06/20,1:39,66,0.69,0xb1a,5.20E+01,1
297,02/06/20,1:58,66,0.69,0xb18,5.20E+01,1
298,02/06/20,5:47,66,0.69,0xb16,5.20E+01,1
299,02/06/20,5:57,66,0.69,0xb14,5.20E+01,1
300,02/06/20,7:15,66,0.68,0xb0d,5.20E+01,1
301,02/06/20,7:53,66,0.68,0xb06,5.20E+01,1
302,02/06/20,10:02,66,0.68,0xafd,5.30E+01,1
303,02/06/20,10:42,66,0.68,0xaf7,5.30E+01,1
304,02/06/20,13:26,66,0.68,0xaf5,5.30E+01,1
305,02/06/20,14:05,66,0.68,0xaf0,5.30E+01,1
306,02/06/20,16:14,66,0.68,0xaeb,5.30E+01,1
307,02/06/20,16:30,66,0.68,0xae4,5.30E+01,1
308,02/06/20,16:39,66,0.68,0xae3,5.40E+01,1
309,02/07/20,8:14,66,0.68,0xadd,5.40E+01,1
310,02/07/20,10:19,66,0.68,0xac9,5.40E+01,1
311,02/07/20,13:59,66,0.68,0xac9,5.40E+01,1
312,02/07/20,16:55,66,0.68,0xac9,5.40E+01,1
313,02/08/20,0:20,66,0.68,0xac7,5.40E+01,1
314,02/08/20,5:47,66,0.68,0xac6,5.40E+01,1
315,02/08/20,11:30,66,0.68,0xac5,5.40E+01,1
316,02/08/20,13:10,66,0.68,0xac3,5.40E+01,1
317,02/08/20,18:08,66,0.68,0xac1,5.40E+01,1
318,02/08/20,18:28,66,0.68,0xac0,5.40E+01,1
319,02/08/20,19:25,66,0.68,0xabe,5.50E+01,1
320,02/08/20,21:02,66,0.68,0xabd,5.50E+01,1
321,02/08/20,22:04,66,0.67,0xab3,5.50E+01,1
322,02/08/20,23:19,66,0.67,0xab2,5.50E+01,1
323,02/09/20,0:11,66,0.67,0xaa6,5.50E+01,1
324,02/09/20,0:44,66,0.67,0xaa6,5.50E+01,1
325,02/09/20,1:12,66,0.67,0xa9e,5.60E+01,1
326,02/09/20,3:39,66,0.67,0xa9b,5.60E+01,1
327,02/09/20,8:47,66,0.67,0xa98,5.60E+01,1
328,02/09/20,12:07,66,0.67,0xa92,5.60E+01,1
329,02/09/20,19:08,66,0.67,0xa91,5.60E+01,1
330,02/10/20,0:00,66,0.67,0xa8f,5.60E+01,1
331,02/10/20,1:30,66,0.67,0xa84,5.60E+01,1
332,02/10/20,4:35,66,0.67,0xa7d,5.60E+01,1
333,02/10/20,4:59,66,0.67,0xa7b,5.70E+01,1
334,02/10/20,6:31,66,0.66,0xa70,5.70E+01,1
335,02/10/20,11:23,66,0.66,0xa69,5.70E+01,1
336,02/10/20,14:00,66,0.66,0xa67,5.80E+01,1
337,02/10/20,14:00,66,0.66,0xa65,5.80E+01,1
338,02/10/20,14:34,66,0.66,0xa63,5.80E+01,1
339,02/10/20,16:30,66,0.66,0xa60,5.80E+01,1
340,02/10/20,21:17,66,0.66,0xa5d,5.80E+01,1
341,02/11/20,0:37,66,0.66,0xa59,5.80E+01,1
342,02/11/20,6:59,66,0.66,0xa59,5.80E+01,1
343,02/11/20,10:24,67,0.66,0xa57,5.80E+01,1
344,02/11/20,10:50,67,0.66,0xa55,5.80E+01,1
345,02/11/20,15:25,67,0.66,0xa55,5.80E+01,1
346,02/11/20,19:40,67,0.66,0xa53,5.90E+01,1
347,02/11/20,21:53,67,0.66,0xa4b,5.90E+01,1
348,02/12/20,0:02,67,0.66,0xa47,5.90E+01,1
349,02/12/20,1:10,67,0.66,0xa46,5.90E+01,1
350,02/12/20,5:12,67,0.66,0xa40,5.90E+01,1
351,02/12/20,9:09,67,0.66,0xa3e,6.00E+01,1
352,02/12/20,9:49,67,0.66,0xa3c,6.00E+01,1
353,02/12/20,12:21,67,0.66,0xa38,6.00E+01,1
354,02/12/20,13:26,67,0.66,0xa37,6.00E+01,1
355,02/12/20,14:03,67,0.66,0xa35,6.00E+01,1
356,02/12/20,16:03,67,0.66,0xa32,6.00E+01,1
357,02/12/20,19:44,67,0.66,0xa2e,6.00E+01,1
358,02/12/20,19:49,67,0.66,0xa2b,6.00E+01,1
359,02/13/20,1:20,67,0.66,0xa28,6.00E+01,1
360,02/13/20,2:42,67,0.66,0xa26,6.00E+01,1
361,02/13/20,6:03,67,0.66,0xa22,6.00E+01,1
362,02/13/20,6:18,67,0.66,0xa1d,6.10E+01,1
363,02/13/20,15:02,67,0.65,0xa15,6.10E+01,1
364,02/13/20,19:25,67,0.65,0xa14,6.10E+01,1
365,02/13/20,21:45,67,0.65,0xa13,6.10E+01,1
366,02/14/20,2:38,67,0.65,0xa0d,6.10E+01,1
367,02/14/20,3:24,67,0.65,0xa0a,6.10E+01,1
368,02/14/20,6:29,67,0.65,0xa07,6.10E+01,1
369,02/14/20,8:34,67,0.65,0xa06,6.10E+01,1
370,02/14/20,8:48,67,0.65,0xa03,6.20E+01,1
371,02/14/20,8:54,67,0.65,0xa01,6.20E+01,1
372,02/14/20,9:53,67,0.65,0x9fd,6.20E+01,1
373,02/14/20,14:30,67,0.65,0x9fc,6.20E+01,1
374,02/14/20,16:05,67,0.65,0x9fa,6.20E+01,1
375,02/15/20,8:20,67,0.65,0x9f4,6.20E+01,1
376,02/15/20,9:33,67,0.65,0x9ec,6.20E+01,1
377,02/15/20,9:49,67,0.65,0x9e7,6.20E+01,1
378,02/15/20,13:38,67,0.65,0x9df,6.30E+01,1
379,02/15/20,16:06,67,0.65,0x9dd,6.30E+01,1
380,02/15/20,16:41,67,0.65,0x9db,6.30E+01,1
381,02/15/20,16:50,67,0.65,0x9db,6.30E+01,1
382,02/15/20,20:15,67,0.65,0x9d9,6.30E+01,1
383,02/15/20,21:57,67,0.65,0x9d8,6.30E+01,1
384,02/16/20,1:40,67,0.65,0x9d5,6.30E+01,1
385,02/16/20,6:51,67,0.65,0x9d2,6.40E+01,1
386,02/16/20,7:24,67,0.65,0x9d1,6.40E+01,1
387,02/16/20,8:13,67,0.65,0x9c7,6.40E+01,1
388,02/16/20,10:20,67,0.65,0x9c7,6.40E+01,1
389,02/16/20,11:53,67,0.65,0x9c2,6.40E+01,1
390,02/16/20,21:15,67,0.65,0x9bf,6.40E+01,1
391,02/16/20,21:43,67,0.65,0x9bc,6.40E+01,1
392,02/16/20,21:53,67,0.65,0x9b8,6.40E+01,1
393,02/17/20,1:22,68,0.65,0x9b4,6.40E+01,1
394,02/17/20,2:00,68,0.65,0x9b4,6.40E+01,1
395,02/17/20,3:30,68,0.65,0x9b3,6.50E+01,1
396,02/17/20,9:05,68,0.65,0x9b3,6.50E+01,1
397,02/17/20,10:10,68,0.65,0x9af,6.50E+01,1
398,02/17/20,10:13,68,0.65,0x9ae,6.50E+01,1
399,02/17/20,10:34,68,0.65,0x9a7,6.50E+01,1
400,02/17/20,12:17,68,0.65,0x9a0,6.50E+01,1
401,02/17/20,17:31,68,0.65,0x99f,6.50E+01,1
402,02/17/20,20:17,68,0.65,0x992,6.50E+01,1
403,02/18/20,0:36,68,0.64,0x991,6.50E+01,1
404,02/18/20,5:36,68,0.64,0x98f,6.60E+01,1
405,02/18/20,6:07,68,0.64,0x986,6.60E+01,1
406,02/18/20,7:56,68,0.64,0x985,6.60E+01,1
407,02/18/20,9:01,68,0.64,0x982,6.60E+01,1
408,02/18/20,13:03,68,0.64,0x97e,6.60E+01,1
409,02/18/20,19:09,68,0.64,0x97d,6.70E+01,1
410,02/18/20,19:43,68,0.64,0x976,6.70E+01,1
411,02/19/20,10:04,68,0.64,0x975,6.70E+01,1
412,02/19/20,14:54,68,0.64,0x975,6.70E+01,1
413,02/19/20,16:27,68,0.64,0x96a,6.70E+01,1
414,02/20/20,0:48,68,0.64,0x960,6.70E+01,1
415,02/20/20,2:51,68,0.64,0x960,6.70E+01,1
416,02/20/20,6:02,68,0.63,0x960,6.80E+01,1
417,02/20/20,7:22,68,0.63,0x95f,6.80E+01,1
418,02/20/20,9:44,68,0.63,0x95c,6.80E+01,1
419,02/20/20,9:44,68,0.63,0x952,6.90E+01,1
420,02/20/20,22:01,68,0.63,0x951,6.90E+01,1
421,02/20/20,23:06,68,0.63,0x94e,6.90E+01,1
422,02/21/20,1:40,68,0.63,0x949,6.90E+01,1
423,02/21/20,1:52,68,0.63,0x948,6.90E+01,1
424,02/21/20,6:41,68,0.63,0x945,6.90E+01,1
425,02/21/20,7:57,68,0.63,0x945,6.90E+01,1
426,02/21/20,9:03,68,0.63,0x93f,6.90E+01,1
427,02/21/20,15:52,68,0.63,0x93e,6.90E+01,1
428,02/21/20,18:38,68,0.63,0x934,7.00E+01,1
429,02/21/20,21:20,68,0.63,0x933,7.00E+01,1
430,02/21/20,22:19,68,0.63,0x930,7.00E+01,1
431,02/22/20,3:07,68,0.63,0x926,7.00E+01,1
432,02/22/20,5:56,68,0.63,0x920,7.00E+01,1
433,02/22/20,8:00,68,0.63,0x91e,7.00E+01,1
434,02/22/20,23:28,68,0.63,0x91a,7.00E+01,1
435,02/22/20,23:50,68,0.63,0x915,7.10E+01,1
436,02/23/20,3:16,69,0.63,0x913,7.10E+01,1
437,02/23/20,5:27,69,0.63,0x912,7.10E+01,1
438,02/23/20,16:15,69,0.63,0x90c,7.10E+01,1
439,02/23/20,16:39,69,0.63,0x909,7.10E+01,1
440,02/23/20,17:49,69,0.63,0x903,7.10E+01,1
441,02/23/20,19:17,69,0.63,0x8ff,7.10E+01,1
442,02/23/20,19:19,69,0.63,0x8fc,7.20E+01,1
443,02/23/20,20:33,69,0.63,0x8f5,7.20E+01,1
444,02/23/20,22:08,69,0.63,0x8f3,7.20E+01,1
445,02/23/20,22:09,69,0.62,0x8ec,7.30E+01,1
446,02/23/20,23:42,69,0.62,0x8ea,7.30E+01,1
447,02/24/20,7:25,69,0.62,0x8e9,7.30E+01,1
448,02/24/20,14:12,69,0.62,0x8e7,7.30E+01,1
449,02/24/20,22:26,69,0.62,0x8dc,7.30E+01,1
450,02/25/20,6:37,69,0.62,0x8d7,7.30E+01,1
451,02/25/20,9:41,69,0.62,0x8d6,7.40E+01,1
452,02/25/20,10:35,69,0.62,0x8d1,7.40E+01,1
453,02/25/20,13:43,69,0.62,0x8c9,7.40E+01,1
454,02/26/20,2:43,69,0.62,0x8c3,7.40E+01,1
455,02/26/20,3:20,69,0.62,0x8bf,7.50E+01,1
456,02/26/20,6:26,69,0.62,0x8bc,7.50E+01,1
457,02/26/20,8:08,69,0.62,0x8b9,7.50E+01,1
458,02/26/20,9:29,69,0.62,0x8b5,7.50E+01,1
459,02/26/20,10:26,69,0.62,0x8b2,7.50E+01,1
460,02/26/20,10:51,69,0.62,0x8b2,7.50E+01,1
461,02/26/20,17:28,69,0.62,0x8b1,7.50E+01,1
462,02/26/20,17:32,69,0.62,0x8b1,7.50E+01,1
463,02/26/20,19:30,69,0.62,0x8a6,7.50E+01,1
464,02/26/20,19:42,69,0.62,0x8a4,7.60E+01,1
465,02/26/20,23:57,69,0.62,0x89e,7.60E+01,1
466,02/27/20,0:35,69,0.62,0x897,7.60E+01,1
467,02/27/20,3:18,69,0.62,0x88d,7.60E+01,1
468,02/27/20,7:04,69,0.62,0x88d,7.60E+01,1
469,02/27/20,7:25,69,0.62,0x87c,7.60E+01,1
470,02/27/20,12:36,69,0.62,0x879,7.60E+01,1
471,02/27/20,19:41,69,0.62,0x86d,7.60E+01,1
472,02/28/20,0:38,69,0.62,0x86d,7.60E+01,1
473,02/28/20,10:28,69,0.61,0x86c,7.70E+01,1
474,02/28/20,10:40,69,0.61,0x865,7.70E+01,1
475,02/28/20,10:54,69,0.61,0x864,7.70E+01,1
476,02/28/20,16:42,69,0.61,0x863,7.70E+01,1
477,02/28/20,19:38,69,0.61,0x852,7.70E+01,1
478,02/28/20,20:20,69,0.61,0x850,7.70E+01,1
479,02/28/20,21:27,70,0.61,0x850,7.80E+01,1
480,02/29/20,9:26,70,0.61,0x84a,7.80E+01,1
481,02/29/20,11:18,70,0.61,0x83b,7.80E+01,1
482,02/29/20,12:45,70,0.61,0x835,7.90E+01,1
483,02/29/20,14:00,70,0.61,0x827,7.90E+01,1
484,02/29/20,19:29,70,0.61,0x826,7.90E+01,1
485,02/29/20,19:59,70,0.61,0x825,7.90E+01,1
486,02/29/20,22:56,70,0.61,0x823,7.90E+01,1
487,03/01/20,3:28,70,0.61,0x81f,7.90E+01,1
488,03/01/20,5:26,70,0.61,0x81c,7.90E+01,1
489,03/01/20,14:48,70,0.61,0x819,7.90E+01,1
490,03/01/20,17:19,70,0.61,0x80e,7.90E+01,1
491,03/01/20,17:40,70,0.61,0x807,8.00E+01,1
492,03/01/20,20:55,70,0.61,0x804,8.00E+01,1
493,03/01/20,22:40,70,0.61,0x7fd,8.00E+01,1
494,03/01/20,23:30,70,0.61,0x7f8,8.00E+01,1
495,03/02/20,3:42,70,0.61,0x7f5,8.00E+01,1
496,03/03/20,0:47,70,0.61,0x7f2,8.00E+01,1
497,03/03/20,0:50,70,0.6,0x7f1,8.00E+01,1
498,03/03/20,3:56,70,0.6,0x7f1,8.00E+01,1
499,03/03/20,12:29,70,0.6,0x7ef,8.00E+01,1
500,03/03/20,16:01,70,0.6,0x7ee,8.00E+01,1
501,03/04/20,0:46,70,0.6,0x7e6,8.10E+01,1
502,03/04/20,3:28,70,0.6,0x7e0,8.10E+01,1
503,03/04/20,19:03,70,0.6,0x7c9,8.10E+01,1
504,03/04/20,22:19,70,0.6,0x7c6,8.10E+01,1
505,03/04/20,22:34,70,0.6,0x7c5,8.10E+01,1
506,03/05/20,0:52,70,0.6,0x7b1,8.10E+01,1
507,03/05/20,3:25,70,0.6,0x7b0,8.10E+01,1
508,03/05/20,8:28,70,0.6,0x7ad,8.10E+01,1
509,03/05/20,16:25,70,0.6,0x7ac,8.20E+01,1
510,03/05/20,18:41,70,0.6,0x7ab,8.20E+01,1
511,03/05/20,19:11,70,0.6,0x7ab,8.20E+01,1
512,03/05/20,20:19,70,0.6,0x7a7,8.20E+01,1
513,03/06/20,0:59,70,0.6,0x7a1,8.20E+01,1
514,03/06/20,3:02,70,0.6,0x7a1,8.20E+01,1
515,03/06/20,3:24,70,0.6,0x79a,8.20E+01,1
516,03/06/20,4:48,70,0.6,0x797,8.20E+01,1
517,03/06/20,5:42,70,0.6,0x797,8.20E+01,1
518,03/06/20,11:09,70,0.6,0x796,8.20E+01,1
519,03/06/20,15:34,70,0.59,0x794,8.20E+01,1
520,03/06/20,19:53,70,0.59,0x791,8.30E+01,1
521,03/06/20,20:37,71,0.59,0x790,8.30E+01,1
522,03/06/20,23:28,71,0.59,0x78c,8.30E+01,1
523,03/07/20,7:01,71,0.59,0x78b,8.30E+01,1
524,03/07/20,7:58,71,0.59,0x789,8.30E+01,1
525,03/07/20,14:58,71,0.59,0x788,8.30E+01,1
526,03/08/20,0:25,71,0.59,0x77f,8.40E+01,1
527,03/08/20,12:55,71,0.59,0x77c,8.40E+01,1
528,03/08/20,13:12,71,0.59,0x77a,8.40E+01,1
529,03/08/20,15:35,71,0.59,0x77a,8.40E+01,1
530,03/08/20,15:42,71,0.59,0x76c,8.50E+01,1
531,03/08/20,21:38,71,0.59,0x76c,8.50E+01,1
532,03/09/20,3:38,71,0.59,0x76a,8.60E+01,1
533,03/09/20,8:57,71,0.59,0x75e,8.60E+01,1
534,03/09/20,10:04,71,0.59,0x75d,8.60E+01,1
535,03/09/20,15:35,71,0.59,0x759,8.60E+01,1
536,03/10/20,0:07,71,0.59,0x756,8.60E+01,1
537,03/10/20,4:52,71,0.59,0x754,8.60E+01,1
538,03/10/20,6:20,71,0.59,0x752,8.60E+01,1
539,03/10/20,9:31,71,0.59,0x751,8.60E+01,1
540,03/10/20,11:06,71,0.59,0x74b,8.70E+01,1
541,03/10/20,14:28,71,0.59,0x73c,8.70E+01,1
542,03/10/20,15:50,71,0.59,0x734,8.70E+01,1
543,03/10/20,18:42,71,0.59,0x732,8.70E+01,1
544,03/10/20,19:37,71,0.59,0x732,8.70E+01,1
545,03/10/20,22:12,71,0.58,0x730,8.80E+01,1
546,03/10/20,23:49,71,0.58,0x72b,8.80E+01,1
547,03/11/20,1:18,71,0.58,0x723,8.80E+01,1
548,03/11/20,3:38,71,0.58,0x720,8.80E+01,1
549,03/11/20,8:03,71,0.58,0x718,8.90E+01,1
550,03/11/20,10:38,71,0.58,0x716,8.90E+01,1
551,03/11/20,12:42,71,0.58,0x715,8.90E+01,1
552,03/11/20,13:01,71,0.58,0x712,8.90E+01,1
553,03/11/20,23:26,71,0.58,0x70d,8.90E+01,1
554,03/12/20,1:09,71,0.58,0x6fe,9.00E+01,1
555,03/12/20,2:22,71,0.58,0x6f4,9.00E+01,1
556,03/12/20,2:32,71,0.58,0x6f3,9.00E+01,1
557,03/12/20,3:02,71,0.58,0x6ee,9.00E+01,1
558,03/12/20,8:12,71,0.58,0x6ea,9.00E+01,1
559,03/12/20,8:37,71,0.58,0x6e7,9.00E+01,1
560,03/12/20,8:42,72,0.58,0x6e6,9.00E+01,1
561,03/12/20,10:17,72,0.58,0x6de,9.00E+01,1
562,03/12/20,16:51,72,0.58,0x6de,9.00E+01,1
563,03/12/20,17:15,72,0.58,0x6d8,9.00E+01,1
564,03/12/20,19:23,72,0.58,0x6cf,9.00E+01,1
565,03/13/20,2:10,72,0.58,0x6ce,9.10E+01,1
566,03/13/20,11:19,72,0.58,0x6ce,9.10E+01,1
567,03/13/20,12:36,72,0.58,0x6cd,9.10E+01,1
568,03/13/20,14:14,72,0.58,0x6cd,9.10E+01,1
569,03/14/20,1:04,72,0.58,0x6c8,9.10E+01,1
570,03/14/20,8:22,72,0.57,0x6c5,9.10E+01,1
571,03/14/20,10:20,72,0.57,0x6c3,9.10E+01,1
572,03/14/20,12:54,72,0.57,0x6c1,9.20E+01,1
573,03/14/20,15:55,72,0.57,0x6c0,9.20E+01,1
574,03/14/20,16:07,72,0.57,0x6b9,9.20E+01,1
575,03/15/20,1:02,72,0.57,0x6b6,9.20E+01,1
576,03/15/20,6:07,72,0.57,0x6b6,9.30E+01,1
577,03/15/20,11:31,72,0.57,0x6b3,9.30E+01,1
578,03/15/20,13:44,72,0.57,0x6b2,9.30E+01,1
579,03/15/20,15:59,72,0.57,0x6ab,9.30E+01,1
580,03/15/20,17:04,72,0.57,0x6a9,9.30E+01,1
581,03/15/20,18:47,72,0.57,0x6a2,9.40E+01,1
582,03/15/20,23:15,72,0.57,0x69d,9.40E+01,1
583,03/16/20,4:17,72,0.57,0x692,9.40E+01,1
584,03/16/20,4:48,72,0.57,0x690,9.40E+01,1
585,03/16/20,5:15,72,0.57,0x68f,9.40E+01,1
586,03/16/20,8:38,72,0.57,0x68c,9.40E+01,1
587,03/16/20,11:18,72,0.57,0x687,9.40E+01,1
588,03/16/20,11:57,72,0.57,0x681,9.40E+01,1
589,03/16/20,18:52,72,0.57,0x681,9.40E+01,1
590,03/16/20,21:38,72,0.57,0x67d,9.40E+01,1
591,03/16/20,22:35,72,0.57,0x67d,9.50E+01,1
592,03/16/20,23:47,72,0.57,0x67d,9.50E+01,1
593,03/17/20,0:20,72,0.57,0x67d,9.50E+01,1
594,03/17/20,15:22,72,0.57,0x67b,9.50E+01,1
595,03/17/20,21:24,72,0.57,0x67b,9.50E+01,1
596,03/17/20,22:23,72,0.57,0x678,9.50E+01,1
597,03/18/20,7:43,72,0.57,0x673,9.50E+01,1
598,03/18/20,8:33,72,0.56,0x66b,9.60E+01,1
599,03/18/20,9:51,72,0.56,0x66a,9.60E+01,1
600,03/18/20,11:16,72,0.56,0x667,9.70E+01,1
601,03/18/20,13:47,72,0.56,0x664,9.70E+01,1
602,03/18/20,15:50,72,0.56,0x663,9.70E+01,1
603,03/18/20,21:30,72,0.56,0x65f,9.70E+01,1
604,03/18/20,22:13,72,0.56,0x65e,9.70E+01,1
605,03/18/20,22:38,73,0.56,0x65b,9.70E+01,1
606,03/19/20,10:59,73,0.56,0x651,9.70E+01,1
607,03/19/20,16:54,73,0.56,0x651,9.70E+01,1
608,03/20/20,5:43,73,0.56,0x647,9.70E+01,1
609,03/20/20,20:19,73,0.56,0x63a,9.70E+01,1
610,03/21/20,2:45,73,0.56,0x632,9.70E+01,1
611,03/21/20,2:53,73,0.56,0x632,9.70E+01,1
612,03/21/20,4:38,73,0.56,0x62f,9.80E+01,1
613,03/21/20,6:36,73,0.56,0x627,9.80E+01,1
614,03/21/20,7:35,73,0.56,0x623,9.80E+01,1
615,03/21/20,8:15,73,0.56,0x621,9.90E+01,1
616,03/21/20,8:25,73,0.56,0x61e,9.90E+01,1
617,03/21/20,11:33,73,0.56,0x619,9.90E+01,1
618,03/21/20,18:19,73,0.56,0x617,9.90E+01,1
619,03/21/20,18:33,73,0.56,0x612,1.00E+02,1
620,03/21/20,19:19,73,0.56,0x608,1.00E+02,1
621,03/22/20,0:06,73,0.56,0x608,1.00E+02,1
622,03/22/20,3:09,73,0.56,0x608,1.00E+02,1
623,03/22/20,4:22,73,0.56,0x5f5,1.00E+02,1
624,03/22/20,5:28,73,0.55,0x5f5,1.00E+02,1
625,03/22/20,8:51,73,0.55,0x5f4,1.00E+02,1
626,03/22/20,20:52,73,0.55,0x5ef,1.00E+02,1
627,03/22/20,23:56,73,0.55,0x5e2,1.00E+02,1
628,03/23/20,4:18,73,0.55,0x5e2,1.00E+02,1
629,03/23/20,4:39,73,0.55,0x5e1,1.00E+02,1
630,03/23/20,6:29,73,0.55,0x5d8,1.00E+02,1
631,03/23/20,14:40,73,0.55,0x5d7,1.00E+02,1
632,03/23/20,14:59,73,0.55,0x5d6,1.00E+02,1
633,03/23/20,17:17,73,0.55,0x5d5,1.00E+02,1
634,03/23/20,20:18,73,0.55,0x5c8,1.00E+02,1
635,03/23/20,20:57,73,0.55,0x5c4,1.00E+02,1
636,03/24/20,2:39,73,0.55,0x5c3,1.00E+02,1
637,03/24/20,6:15,73,0.55,0x5bd,1.00E+02,1
638,03/24/20,6:55,73,0.55,0x5ba,1.00E+02,1
639,03/24/20,8:02,73,0.55,0x5b5,1.00E+02,1
640,03/24/20,8:38,73,0.55,0x5b2,1.00E+02,1
641,03/24/20,8:45,73,0.55,0x5b2,1.00E+02,1
642,03/24/20,13:01,73,0.55,0x5af,1.00E+02,1
643,03/24/20,17:24,73,0.55,0x5a7,1.00E+02,1
644,03/24/20,22:48,73,0.55,0x5a0,1.00E+02,1
645,03/25/20,3:36,73,0.55,0x59f,1.00E+02,1
646,03/25/20,4:08,73,0.55,0x59c,1.00E+02,1
647,03/25/20,6:37,73,0.55,0x599,1.00E+02,1
648,03/25/20,20:20,73,0.54,0x590,1.00E+02,1
649,03/26/20,10:01,73,0.54,0x58d,1.00E+02,1
650,03/26/20,17:24,73,0.54,0x58c,1.00E+02,1
651,03/26/20,18:24,73,0.54,0x589,1.10E+02,1
652,03/26/20,18:39,73,0.54,0x588,1.10E+02,1
653,03/26/20,18:46,73,0.54,0x587,1.10E+02,1
654,03/26/20,23:46,73,0.54,0x580,1.10E+02,1
655,03/26/20,23:47,73,0.54,0x57f,1.10E+02,1
656,03/27/20,2:23,74,0.54,0x572,1.10E+02,1
657,03/27/20,6:04,74,0.54,0x571,1.10E+02,1
658,03/27/20,6:10,74,0.54,0x56a,1.10E+02,1
659,03/27/20,6:40,74,0.54,0x567,1.10E+02,1
660,03/27/20,7:49,74,0.54,0x55a,1.10E+02,1
661,03/27/20,16:58,74,0.54,0x556,1.10E+02,1
662,03/27/20,17:31,74,0.54,0x554,1.10E+02,1
663,03/27/20,17:45,74,0.54,0x554,1.10E+02,1
664,03/28/20,16:35,74,0.54,0x54f,1.10E+02,1
665,03/28/20,20:22,74,0.54,0x54e,1.10E+02,1
666,03/28/20,22:41,74,0.54,0x547,1.10E+02,1
667,03/28/20,23:21,74,0.54,0x53e,1.10E+02,1
668,03/29/20,4:35,74,0.54,0x53c,1.10E+02,1
669,03/29/20,5:39,74,0.54,0x53c,1.10E+02,1
670,03/29/20,14:08,74,0.54,0x53b,1.10E+02,1
671,03/29/20,14:14,74,0.54,0x539,1.10E+02,1
672,03/29/20,14:56,74,0.54,0x52d,1.10E+02,1
673,03/29/20,16:41,74,0.53,0x529,1.10E+02,1
674,03/29/20,18:53,74,0.53,0x51d,1.10E+02,1
675,03/29/20,21:38,74,0.53,0x517,1.10E+02,1
676,03/30/20,5:18,74,0.53,0x516,1.10E+02,1
677,03/30/20,5:50,74,0.53,0x516,1.10E+02,1
678,03/30/20,7:54,74,0.53,0x511,1.10E+02,1
679,03/30/20,8:00,74,0.53,0x500,1.10E+02,1
680,03/30/20,12:56,74,0.53,0x4fe,1.10E+02,1
681,03/30/20,15:04,74,0.53,0x4f3,1.10E+02,1
682,03/30/20,18:48,74,0.53,0x4f1,1.10E+02,1
683,03/30/20,21:32,74,0.53,0x4ef,1.10E+02,1
684,03/30/20,21:44,74,0.53,0x4de,1.10E+02,1
685,03/31/20,1:42,74,0.53,0x4dc,1.10E+02,1
686,03/31/20,1:50,74,0.53,0x4d8,1.10E+02,1
687,03/31/20,2:44,74,0.53,0x4cf,1.10E+02,1
688,03/31/20,3:25,74,0.53,0x4cd,1.10E+02,1
689,03/31/20,10:24,74,0.53,0x4ca,1.10E+02,1
690,03/31/20,11:22,74,0.53,0x4c6,1.10E+02,1
691,03/31/20,14:42,74,0.53,0x4bb,1.10E+02,1
692,03/31/20,15:55,74,0.53,0x4b5,1.10E+02,1
693,03/31/20,15:56,74,0.53,0x4b1,1.10E+02,1
694,03/31/20,20:56,74,0.53,0x4b1,1.10E+02,1
695,04/01/20,0:40,74,0.52,0x4b0,1.10E+02,1
696,04/01/20,6:05,74,0.52,0x4ae,1.10E+02,1
697,04/01/20,9:02,74,0.52,0x4ac,1.10E+02,1
698,04/01/20,10:56,74,0.52,0x4ab,1.10E+02,1
699,04/01/20,18:19,74,0.52,0x4a7,1.10E+02,1
700,04/02/20,6:37,74,0.52,0x4a2,1.10E+02,1
701,04/02/20,13:51,74,0.52,0x49e,1.10E+02,1
702,04/02/20,13:56,74,0.52,0x498,1.10E+02,1
703,04/02/20,21:21,74,0.52,0x492,1.10E+02,1
704,04/03/20,4:02,74,0.52,0x48e,1.10E+02,1
705,04/03/20,5:22,74,0.52,0x487,1.10E+02,1
706,04/03/20,8:17,74,0.52,0x483,1.10E+02,1
707,04/03/20,10:19,74,0.52,0x483,1.10E+02,1
708,04/03/20,13:33,74,0.52,0x47e,1.10E+02,1
709,04/03/20,14:52,74,0.52,0x479,1.10E+02,1
710,04/03/20,15:59,74,0.52,0x475,1.10E+02,1
711,04/03/20,16:23,74,0.52,0x473,1.10E+02,1
712,04/03/20,20:58,74,0.52,0x473,1.10E+02,1
713,04/03/20,23:19,75,0.52,0x46d,1.10E+02,1
714,04/04/20,0:34,75,0.52,0x464,1.10E+02,1
715,04/04/20,0:35,75,0.52,0x461,1.10E+02,1
716,04/04/20,1:09,75,0.52,0x45e,1.10E+02,1
717,04/04/20,1:20,75,0.52,0x45c,1.10E+02,1
718,04/04/20,2:34,75,0.52,0x45a,1.10E+02,1
719,04/04/20,5:28,75,0.52,0x457,1.10E+02,1
720,04/04/20,11:36,75,0.52,0x454,1.10E+02,1
721,04/04/20,11:47,75,0.52,0x454,1.10E+02,1
722,04/04/20,11:48,75,0.52,0x450,1.10E+02,1
723,04/04/20,12:14,75,0.52,0x44d,1.10E+02,1
724,04/04/20,15:21,75,0.52,0x445,1.10E+02,1
725,04/04/20,17:27,75,0.51,0x443,1.10E+02,1
726,04/04/20,22:34,75,0.51,0x43e,1.10E+02,1
727,04/05/20,5:20,75,0.51,0x43c,1.20E+02,1
728,04/05/20,7:16,75,0.51,0x43a,1.20E+02,1
729,04/05/20,8:25,75,0.51,0x42d,1.20E+02,1
730,04/05/20,8:27,75,0.51,0x42d,1.20E+02,1
731,04/05/20,13:17,75,0.51,0x42d,1.20E+02,1
732,04/05/20,13:46,75,0.51,0x42b,1.20E+02,1
733,04/05/20,14:56,75,0.51,0x429,1.20E+02,1
734,04/05/20,20:03,75,0.51,0x423,1.20E+02,1
735,04/05/20,20:57,75,0.51,0x420,1.20E+02,1
736,04/05/20,21:08,75,0.51,0x420,1.20E+02,1
737,04/05/20,21:26,75,0.51,0x41b,1.20E+02,1
738,04/05/20,21:59,75,0.51,0x41a,1.20E+02,1
739,04/06/20,4:26,75,0.51,0x414,1.20E+02,1
740,04/06/20,4:33,75,0.51,0x412,1.20E+02,1
741,04/06/20,11:35,75,0.51,0x412,1.20E+02,1
742,04/06/20,20:43,75,0.51,0x410,1.20E+02,1
743,04/06/20,20:47,75,0.51,0x40b,1.20E+02,1
744,04/06/20,21:58,75,0.51,0x404,1.20E+02,1
745,04/07/20,0:16,75,0.51,0x402,1.20E+02,1
746,04/07/20,0:45,75,0.51,0x400,1.20E+02,1
747,04/07/20,3:16,75,0.51,0x3f7,1.20E+02,1
748,04/07/20,4:46,75,0.51,0x3f7,1.20E+02,1
749,04/07/20,9:40,75,0.5,0x3f4,1.20E+02,1
750,04/07/20,14:07,75,0.5,0x3f3,1.20E+02,1
751,04/07/20,14:50,75,0.5,0x3ef,1.20E+02,1
752,04/07/20,15:38,75,0.5,0x3eb,1.20E+02,1
753,04/07/20,18:19,75,0.5,0x3ea,1.20E+02,1
754,04/07/20,21:18,75,0.5,0x3e8,1.20E+02,1
755,04/07/20,21:25,75,0.5,0x3e6,1.20E+02,1
756,04/07/20,23:17,75,0.5,0x3e1,1.20E+02,1
757,04/08/20,0:24,75,0.5,0x3dd,1.20E+02,1
758,04/08/20,2:55,75,0.5,0x3dc,1.20E+02,1
759,04/08/20,13:20,75,0.5,0x3db,1.20E+02,1
760,04/08/20,16:15,75,0.5,0x3d8,1.20E+02,1
761,04/08/20,21:04,75,0.5,0x3d8,1.20E+02,1
762,04/09/20,8:53,75,0.5,0x3d7,1.20E+02,1
763,04/09/20,11:23,75,0.5,0x3d6,1.20E+02,1
764,04/09/20,11:58,76,0.5,0x3d4,1.20E+02,1
765,04/09/20,15:14,76,0.5,0x3d2,1.20E+02,1
766,04/09/20,17:45,76,0.5,0x3cf,1.20E+02,1
767,04/09/20,18:41,76,0.5,0x3ce,1.20E+02,1
768,04/09/20,20:23,76,0.5,0x3c8,1.20E+02,1
769,04/10/20,2:03,76,0.5,0x3c3,1.20E+02,1
770,04/10/20,5:30,76,0.5,0x3c2,1.20E+02,1
771,04/10/20,5:33,76,0.5,0x3c1,1.20E+02,1
772,04/10/20,6:18,76,0.49,0x3be,1.20E+02,1
773,04/10/20,11:02,76,0.49,0x3b9,1.20E+02,1
774,04/10/20,15:51,76,0.49,0x3b6,1.20E+02,1
775,04/10/20,22:32,76,0.49,0x3b5,1.20E+02,1
776,04/10/20,23:39,76,0.49,0x3ae,1.20E+02,1
777,04/11/20,6:27,76,0.49,0x3a9,1.20E+02,1
778,04/11/20,9:51,76,0.49,0x3a4,1.20E+02,1
779,04/11/20,10:26,76,0.49,0x39f,1.20E+02,1
780,04/11/20,10:33,76,0.49,0x39c,1.20E+02,1
781,04/11/20,16:28,76,0.49,0x391,1.20E+02,1
782,04/12/20,1:25,76,0.49,0x37e,1.20E+02,1
783,04/12/20,3:21,76,0.49,0x37c,1.20E+02,1
784,04/12/20,3:48,76,0.49,0x37c,1.20E+02,1
785,04/12/20,4:33,76,0.49,0x37a,1.20E+02,1
786,04/12/20,6:17,76,0.49,0x375,1.20E+02,1
787,04/12/20,7:17,76,0.49,0x374,1.20E+02,1
788,04/12/20,9:02,76,0.49,0x373,1.20E+02,1
789,04/12/20,9:09,76,0.49,0x371,1.20E+02,1
790,04/12/20,16:27,76,0.49,0x365,1.20E+02,1
791,04/12/20,20:04,76,0.49,0x355,1.20E+02,1
792,04/13/20,1:25,76,0.49,0x34b,1.20E+02,1
793,04/13/20,6:37,76,0.49,0x348,1.20E+02,1
794,04/13/20,11:31,76,0.49,0x340,1.20E+02,1
795,04/13/20,11:51,76,0.49,0x33f,1.20E+02,1
796,04/13/20,12:44,76,0.49,0x33c,1.20E+02,1
797,04/13/20,14:50,76,0.48,0x33b,1.30E+02,1
798,04/13/20,19:28,76,0.48,0x336,1.30E+02,1
799,04/13/20,20:12,76,0.48,0x332,1.30E+02,1
800,04/13/20,21:29,76,0.48,0x32f,1.30E+02,1
801,04/14/20,5:04,76,0.48,0x32f,1.30E+02,1
802,04/14/20,11:07,76,0.48,0x32a,1.30E+02,1
803,04/14/20,15:28,76,0.48,0x326,1.30E+02,1
804,04/14/20,17:07,76,0.48,0x324,1.30E+02,1
805,04/14/20,18:27,76,0.48,0x322,1.30E+02,1
806,04/15/20,2:38,76,0.48,0x320,1.30E+02,1
807,04/15/20,6:10,77,0.48,0x31e,1.30E+02,1
808,04/15/20,9:12,77,0.48,0x31c,1.30E+02,1
809,04/15/20,12:51,77,0.48,0x315,1.30E+02,1
810,04/15/20,14:33,77,0.48,0x312,1.30E+02,1
811,04/15/20,19:35,77,0.48,0x30c,1.30E+02,1
812,04/15/20,20:09,77,0.48,0x30a,1.30E+02,1
813,04/15/20,21:56,77,0.48,0x304,1.30E+02,1
814,04/15/20,22:01,77,0.48,0x303,1.30E+02,1
815,04/16/20,0:28,77,0.48,0x2fe,1.30E+02,1
816,04/16/20,0:29,77,0.48,0x2fe,1.30E+02,1
817,04/16/20,1:17,77,0.48,0x2fc,1.30E+02,1
818,04/16/20,6:13,77,0.48,0x2fb,1.30E+02,1
819,04/16/20,11:07,77,0.48,0x2fa,1.30E+02,1
820,04/16/20,11:25,77,0.48,0x2f9,1.30E+02,1
821,04/16/20,15:11,77,0.48,0x2ec,1.30E+02,1
822,04/16/20,18:05,77,0.48,0x2e7,1.30E+02,1
823,04/16/20,18:31,77,0.48,0x2e4,1.30E+02,1
824,04/16/20,19:56,77,0.48,0x2e3,1.30E+02,1
825,04/16/20,21:02,77,0.48,0x2d0,1.30E+02,1
826,04/16/20,22:15,77,0.48,0x2cf,1.30E+02,1
827,04/16/20,23:37,77,0.48,0x2c9,1.30E+02,1
828,04/17/20,1:11,77,0.48,0x2b1,1.30E+02,1
829,04/17/20,7:35,77,0.47,0x2a7,1.30E+02,1
830,04/17/20,13:50,77,0.47,0x29f,1.30E+02,1
831,04/17/20,18:29,77,0.47,0x29d,1.30E+02,1
832,04/18/20,6:15,77,0.47,0x296,1.30E+02,1
833,04/18/20,6:29,77,0.47,0x293,1.30E+02,1
834,04/18/20,6:31,77,0.47,0x291,1.30E+02,1
835,04/18/20,20:11,77,0.47,0x28d,1.30E+02,1
836,04/18/20,22:21,77,0.47,0x28d,1.30E+02,1
837,04/18/20,23:23,77,0.47,0x28a,1.30E+02,1
838,04/19/20,0:10,77,0.47,0x281,1.30E+02,1
839,04/19/20,1:31,77,0.47,0x27b,1.30E+02,1
840,04/19/20,3:38,78,0.47,0x275,1.30E+02,1
841,04/19/20,5:14,78,0.47,0x275,1.30E+02,1
842,04/19/20,7:23,78,0.47,0x274,1.30E+02,1
843,04/19/20,9:57,78,0.47,0x273,1.30E+02,1
844,04/19/20,10:41,78,0.47,0x272,1.40E+02,1
845,04/19/20,11:07,78,0.47,0x270,1.40E+02,1
846,04/19/20,16:51,78,0.47,0x269,1.40E+02,1
847,04/19/20,20:46,78,0.47,0x265,1.40E+02,1
848,04/20/20,0:39,78,0.47,0x263,1.40E+02,1
849,04/20/20,11:18,78,0.47,0x260,1.40E+02,1
850,04/20/20,14:49,78,0.47,0x25b,1.40E+02,1
851,04/20/20,16:26,78,0.47,0x255,1.40E+02,1
852,04/20/20,21:47,78,0.47,0x253,1.40E+02,1
853,04/21/20,0:05,78,0.47,0x253,1.40E+02,1
854,04/21/20,0:40,78,0.46,0x252,1.40E+02,1
855,04/21/20,1:26,78,0.46,0x24e,1.40E+02,1
856,04/21/20,7:17,78,0.46,0x24e,1.40E+02,1
857,04/21/20,8:29,78,0.46,0x247,1.40E+02,1
858,04/21/20,9:59,78,0.46,0x241,1.40E+02,1
859,04/21/20,14:30,78,0.46,0x23d,1.40E+02,1
860,04/21/20,20:31,78,0.46,0x231,1.40E+02,1
861,04/22/20,5:23,78,0.46,0x230,1.40E+02,1
862,04/22/20,9:17,78,0.46,0x22c,1.40E+02,1
863,04/22/20,10:48,78,0.46,0x22b,1.40E+02,1
864,04/22/20,22:35,78,0.46,0x22a,1.40E+02,1
865,04/23/20,0:47,78,0.46,0x228,1.40E+02,1
866,04/23/20,5:20,78,0.46,0x226,1.40E+02,1
867,04/23/20,10:45,78,0.46,0x21f,1.40E+02,1
868,04/23/20,18:35,78,0.46,0x21d,1.40E+02,1
869,04/23/20,23:35,78,0.46,0x217,1.40E+02,1
870,04/23/20,23:50,78,0.46,0x208,1.40E+02,1
871,04/24/20,4:02,78,0.45,0x207,1.40E+02,1
872,04/24/20,6:03,78,0.45,0x1ff,1.40E+02,1
873,04/24/20,9:02,78,0.45,0x1ff,1.40E+02,1
874,04/24/20,11:08,78,0.45,0x1fe,1.40E+02,1
875,04/24/20,13:22,78,0.45,0x1f6,1.40E+02,1
876,04/24/20,13:34,78,0.45,0x1f6,1.40E+02,1
877,04/24/20,20:30,78,0.45,0x1f2,1.40E+02,1
878,04/25/20,3:29,78,0.45,0x1f1,1.40E+02,1
879,04/25/20,8:39,78,0.45,0x1e3,1.40E+02,1
880,04/25/20,9:21,78,0.45,0x1e3,1.40E+02,1
881,04/25/20,10:12,78,0.45,0x1d7,1.40E+02,1
882,04/25/20,12:23,78,0.45,0x1c7,1.40E+02,1
883,04/25/20,13:17,78,0.45,0x1c1,1.40E+02,1
884,04/25/20,18:57,78,0.45,0x1c1,1.40E+02,1
885,04/25/20,19:59,78,0.45,0x1c0,1.40E+02,1
886,04/25/20,21:36,78,0.45,0x1c0,1.40E+02,1
887,04/26/20,1:06,78,0.45,0x1bb,1.40E+02,1
888,04/26/20,1:28,78,0.45,0x1b2,1.40E+02,1
889,04/26/20,1:38,78,0.45,0x1b2,1.40E+02,1
890,04/26/20,4:12,78,0.45,0x1af,1.40E+02,1
891,04/26/20,7:36,78,0.45,0x1af,1.40E+02,1
892,04/26/20,22:32,78,0.45,0x1a3,1.40E+02,1
893,04/26/20,23:23,78,0.45,0x19e,1.40E+02,1
894,04/27/20,4:56,78,0.45,0x19c,1.40E+02,1
895,04/27/20,13:04,78,0.45,0x197,1.40E+02,1
896,04/27/20,15:05,78,0.45,0x193,1.40E+02,1
897,04/27/20,16:27,78,0.45,0x191,1.40E+02,1
898,04/28/20,5:30,78,0.45,0x18d,1.40E+02,1
899,04/28/20,12:19,79,0.44,0x188,1.40E+02,1
900,04/28/20,14:53,79,0.44,0x182,1.40E+02,1
901,04/28/20,16:21,79,0.44,0x180,1.40E+02,1
902,04/28/20,19:15,79,0.44,0x180,1.40E+02,1
903,04/28/20,19:45,79,0.44,0x17c,1.40E+02,1
904,04/29/20,1:43,79,0.44,0x17a,1.40E+02,1
905,04/29/20,8:30,79,0.44,0x179,1.40E+02,1
906,04/29/20,12:17,79,0.44,0x177,1.40E+02,1
907,04/29/20,17:53,79,0.44,0x174,1.40E+02,1
908,04/29/20,18:33,79,0.44,0x173,1.40E+02,1
909,04/29/20,19:00,79,0.44,0x172,1.40E+02,1
910,04/30/20,1:44,79,0.44,0x16e,1.40E+02,1
911,04/30/20,2:54,79,0.44,0x169,1.40E+02,1
912,04/30/20,21:42,79,0.44,0x167,1.40E+02,1
913,05/01/20,1:54,79,0.44,0x165,1.40E+02,1
914,05/01/20,2:29,79,0.44,0x15d,1.40E+02,1
915,05/01/20,2:39,79,0.44,0x15b,1.50E+02,1
916,05/01/20,6:14,79,0.44,0x159,1.50E+02,1
917,05/01/20,9:16,79,0.44,0x155,1.50E+02,1
918,05/01/20,12:06,79,0.44,0x14b,1.50E+02,1
919,05/01/20,15:27,79,0.44,0x14a,1.50E+02,1
920,05/01/20,16:28,79,0.44,0x147,1.50E+02,1
921,05/01/20,18:26,79,0.43,0x146,1.50E+02,1
922,05/01/20,20:18,79,0.43,0x141,1.50E+02,1
923,05/02/20,4:09,79,0.43,0x13f,1.50E+02,1
924,05/02/20,9:37,79,0.43,0x13a,1.50E+02,1
925,05/02/20,10:42,79,0.43,0x135,1.50E+02,1
926,05/02/20,13:53,79,0.43,0x132,1.50E+02,1
927,05/02/20,14:54,79,0.43,0x12f,1.50E+02,1
928,05/02/20,21:19,79,0.43,0x124,1.50E+02,1
929,05/02/20,23:23,79,0.43,0x123,1.50E+02,1
930,05/03/20,2:03,79,0.43,0x121,1.50E+02,1
931,05/03/20,5:16,79,0.43,0x11d,1.50E+02,1
932,05/03/20,8:59,79,0.43,0x11a,1.50E+02,1
933,05/03/20,10:56,79,0.43,0x11a,1.50E+02,1
934,05/03/20,12:23,79,0.43,0x115,1.50E+02,1
935,05/03/20,14:29,79,0.43,0x10f,1.50E+02,1
936,05/03/20,19:21,79,0.43,0x108,1.50E+02,1
937,05/04/20,0:19,79,0.43,0x103,1.50E+02,1
938,05/04/20,0:41,79,0.43,0x100,1.50E+02,1
939,05/04/20,2:04,79,0.43,0x0fd,1.50E+02,1
940,05/04/20,2:51,79,0.43,0x0fc,1.50E+02,1
941,05/04/20,6:01,79,0.43,0x0fb,1.50E+02,1
942,05/04/20,8:13,79,0.43,0x0fa,1.50E+02,1
943,05/04/20,10:35,79,0.43,0x0f4,1.50E+02,1
944,05/04/20,11:32,79,0.43,0x0e9,1.50E+02,1
945,05/04/20,12:29,79,0.42,0x0e8,1.50E+02,1
946,05/04/20,13:00,79,0.42,0x0e5,1.50E+02,1
947,05/04/20,17:39,79,0.42,0x0db,1.50E+02,1
948,05/04/20,17:45,79,0.42,0x0d9,1.50E+02,1
949,05/04/20,19:39,80,0.42,0x0d8,1.50E+02,1
950,05/05/20,7:58,80,0.42,0x0d3,1.50E+02,1
951,05/05/20,14:22,80,0.42,0x0d0,1.50E+02,1
952,05/05/20,18:19,80,0.42,0x0ce,1.50E+02,1
953,05/05/20,18:50,80,0.42,0x0cb,1.50E+02,1
954,05/05/20,18:51,80,0.42,0x0c6,1.50E+02,1
955,05/05/20,21:55,80,0.42,0x0b7,1.50E+02,1
956,05/06/20,1:00,80,0.42,0x0b6,1.50E+02,1
957,05/06/20,1:28,80,0.42,0x0ae,1.50E+02,1
958,05/06/20,7:42,80,0.42,0x09e,1.50E+02,1
959,05/06/20,11:54,80,0.42,0x09d,1.50E+02,1
960,05/06/20,14:30,80,0.42,0x09c,1.50E+02,1
961,05/06/20,20:58,80,0.42,0x09c,1.50E+02,1
962,05/06/20,21:48,80,0.42,0x09a,1.50E+02,1
963,05/07/20,7:37,80,0.42,0x08a,1.50E+02,1
964,05/07/20,9:06,80,0.42,0x088,1.50E+02,1
965,05/07/20,9:41,80,0.42,0x081,1.50E+02,1
966,05/07/20,10:07,80,0.42,0x07f,1.50E+02,1
967,05/07/20,13:12,80,0.42,0x07a,1.60E+02,1
968,05/07/20,17:20,80,0.41,0x072,1.60E+02,1
969,05/07/20,22:22,80,0.41,0x072,1.60E+02,1
970,05/08/20,6:26,80,0.41,0x071,1.60E+02,1
971,05/08/20,23:06,80,0.41,0x06f,1.60E+02,1
972,05/08/20,23:20,80,0.41,0x06f,1.60E+02,1
973,05/08/20,23:57,80,0.41,0x06f,1.60E+02,1
974,05/09/20,0:07,80,0.41,0x06d,1.60E+02,1
975,05/09/20,1:36,80,0.41,0x06d,1.60E+02,1
976,05/09/20,5:43,80,0.41,0x06a,1.60E+02,1
977,05/09/20,12:02,80,0.41,0x069,1.60E+02,1
978,05/09/20,13:00,80,0.41,0x05b,1.60E+02,1
979,05/09/20,14:48,80,0.41,0x05b,1.60E+02,1
980,05/09/20,19:53,80,0.41,0x05a,1.60E+02,1
981,05/09/20,21:32,80,0.41,0x058,1.60E+02,1
982,05/09/20,21:36,80,0.41,0x056,1.60E+02,1
983,05/09/20,22:51,80,0.41,0x051,1.60E+02,1
984,05/10/20,4:40,80,0.41,0x04f,1.60E+02,1
985,05/10/20,6:58,80,0.41,0x04d,1.60E+02,1
986,05/10/20,7:26,80,0.41,0x04c,1.60E+02,1
987,05/10/20,7:32,80,0.41,0x045,1.60E+02,1
988,05/10/20,8:51,80,0.41,0x037,1.60E+02,1
989,05/10/20,16:53,80,0.41,0x036,1.60E+02,1
990,05/10/20,18:12,80,0.4,0x036,1.60E+02,1
991,05/10/20,19:25,80,0.4,0x033,1.60E+02,1
992,05/10/20,21:02,80,0.4,0x02a,1.60E+02,1
993,05/10/20,21:41,80,0.4,0x029,1.60E+02,1
994,05/11/20,1:20,80,0.4,0x025,1.60E+02,1
995,05/11/20,6:31,80,0.4,0x022,1.60E+02,1
996,05/11/20,7:54,80,0.4,0x01f,1.60E+02,1
997,05/11/20,9:37,80,0.4,0x014,1.60E+02,1
998,05/11/20,10:45,80,0.4,0x013,1.60E+02,1
999,05/11/20,12:00,80,0.4,0x006,1.60E+02,1
1000,05/11/20,23:03,80,0.4,0x001,1.60E+02,1