id,date,time,temperature,humidity,particle_count_hex,particle_count_sn
1,5/6/2020,0:01,60,0.8,0xffe,4.09E+03
2,5/6/2020,0:01,60,0.8,0xff3,4.08E+03
3,5/6/2020,0:04,60,0.8,0xfef,4.08E+03
4,5/6/2020,0:06,60,0.8,0xfe5,4.07E+03
5,5/6/2020,0:07,60,0.8,0xfe3,4.07E+03
6,5/6/2020,0:08,60,0.8,0xfe2,4.07E+03
7,5/6/2020,0:11,60,0.8,0xfda,4.06E+03
8,5/6/2020,0:14,60,0.8,0xfd9,4.06E+03
9,5/6/2020,0:14,60,0.8,0xfd3,4.05E+03
10,5/6/2020,0:17,60,0.8,0xfd2,4.05E+03
11,5/6/2020,0:19,60,0.8,0xfcd,4.05E+03
12,5/6/2020,0:20,60,0.8,0xfc6,4.04E+03
13,5/6/2020,0:23,60,0.8,0xfc3,4.04E+03
14,5/6/2020,0:25,60,0.79,0xfc2,4.03E+03
15,5/6/2020,0:27,60,0.79,0xfc2,4.03E+03
16,5/6/2020,0:27,60,0.79,0xfbe,4.03E+03
17,5/6/2020,0:28,60,0.79,0xfbd,4.03E+03
18,5/6/2020,0:29,60,0.79,0xfac,4.01E+03
19,5/6/2020,0:29,60,0.79,0xfab,4.01E+03
20,5/6/2020,0:29,60,0.79,0xfa2,4.00E+03
21,5/6/2020,0:30,60,0.79,0xfa1,4.00E+03
22,5/6/2020,0:31,60,0.79,0xf99,3.99E+03
23,5/6/2020,0:32,60,0.79,0xf98,3.99E+03
24,5/6/2020,0:32,60,0.79,0xf8e,3.98E+03
25,5/6/2020,0:32,60,0.79,0xf8b,3.98E+03
26,5/6/2020,0:35,60,0.79,0xf89,3.98E+03
27,5/6/2020,0:35,60,0.79,0xf89,3.98E+03
28,5/6/2020,0:36,60,0.79,0xf87,3.98E+03
29,5/6/2020,0:36,60,0.79,0xf85,3.97E+03
30,5/6/2020,0:36,60,0.79,0xf84,3.97E+03
31,5/6/2020,0:37,60,0.79,0xf83,3.97E+03
32,5/6/2020,0:37,60,0.79,0xf78,3.96E+03
33,5/6/2020,0:37,60,0.79,0xf64,3.94E+03
34,5/6/2020,0:39,60,0.78,0xf62,3.94E+03
35,5/6/2020,0:40,60,0.78,0xf5b,3.93E+03
36,5/6/2020,0:40,60,0.78,0xf52,3.92E+03
37,5/6/2020,0:41,60,0.78,0xf4d,3.92E+03
38,5/6/2020,0:43,60,0.78,0xf4c,3.92E+03
39,5/6/2020,0:43,60,0.78,0xf49,3.91E+03
40,5/6/2020,0:44,60,0.78,0xf47,3.91E+03
41,5/6/2020,0:45,60,0.78,0xf46,3.91E+03
42,5/6/2020,0:45,60,0.78,0xf3e,3.90E+03
43,5/6/2020,0:48,60,0.78,0xf3e,3.90E+03
44,5/6/2020,0:48,60,0.78,0xf3d,3.90E+03
45,5/6/2020,0:49,60,0.78,0xf35,3.89E+03
46,5/6/2020,0:49,60,0.78,0xf33,3.89E+03
47,5/6/2020,0:50,60,0.78,0xf2f,3.89E+03
48,5/6/2020,0:51,61,0.78,0xf2a,3.88E+03
49,5/6/2020,0:53,61,0.78,0xf25,3.88E+03
50,5/6/2020,0:53,61,0.78,0xf1d,3.87E+03
51,5/6/2020,0:55,61,0.78,0xf16,3.86E+03
52,5/6/2020,0:56,61,0.78,0xf12,3.86E+03
53,5/6/2020,0:57,61,0.78,0xf11,3.86E+03
54,5/6/2020,0:57,61,0.77,0xf07,3.85E+03
55,5/6/2020,0:59,61,0.77,0xf06,3.85E+03
56,5/6/2020,1:00,61,0.77,0xf02,3.84E+03
57,5/6/2020,1:00,61,0.77,0xefb,3.84E+03
58,5/6/2020,1:00,61,0.77,0xefa,3.83E+03
59,5/6/2020,1:07,61,0.77,0xef6,3.83E+03
60,5/6/2020,1:07,61,0.77,0xeee,3.82E+03
61,5/6/2020,1:08,61,0.77,0xeee,3.82E+03
62,5/6/2020,1:09,61,0.77,0xee6,3.81E+03
63,5/6/2020,1:10,61,0.77,0xee6,3.81E+03
64,5/6/2020,1:10,61,0.77,0xee3,3.81E+03
65,5/6/2020,1:16,61,0.77,0xedf,3.81E+03
66,5/6/2020,1:16,61,0.77,0xede,3.81E+03
67,5/6/2020,1:19,61,0.77,0xede,3.81E+03
68,5/6/2020,1:19,61,0.77,0xed6,3.80E+03
69,5/6/2020,1:20,61,0.77,0xecd,3.79E+03
70,5/6/2020,1:21,61,0.77,0xeca,3.79E+03
71,5/6/2020,1:21,61,0.77,0xec6,3.78E+03
72,5/6/2020,1:23,61,0.77,0xec5,3.78E+03
73,5/6/2020,1:24,61,0.77,0xeb9,3.77E+03
74,5/6/2020,1:25,61,0.77,0xeb8,3.77E+03
75,5/6/2020,1:25,61,0.77,0xeb6,3.77E+03
76,5/6/2020,1:25,61,0.77,0xeb2,3.76E+03
77,5/6/2020,1:29,61,0.76,0xeb2,3.76E+03
78,5/6/2020,1:29,61,0.76,0xeae,3.76E+03
79,5/6/2020,1:33,61,0.76,0xeae,3.76E+03
80,5/6/2020,1:33,61,0.76,0xead,3.76E+03
81,5/6/2020,1:33,61,0.76,0xea8,3.75E+03
82,5/6/2020,1:36,61,0.76,0xea5,3.75E+03
83,5/6/2020,1:36,61,0.76,0xe9e,3.74E+03
84,5/6/2020,1:40,61,0.76,0xe97,3.74E+03
85,5/6/2020,1:43,62,0.76,0xe96,3.73E+03
86,5/6/2020,1:43,62,0.76,0xe84,3.72E+03
87,5/6/2020,1:43,62,0.76,0xe70,3.70E+03
88,5/6/2020,1:45,62,0.76,0xe6f,3.70E+03
89,5/6/2020,1:51,62,0.76,0xe6e,3.69E+03
90,5/6/2020,1:54,62,0.76,0xe6e,3.69E+03
91,5/6/2020,1:56,62,0.76,0xe64,3.68E+03
92,5/6/2020,1:58,62,0.76,0xe5a,3.67E+03
93,5/6/2020,1:59,62,0.76,0xe59,3.67E+03
94,5/6/2020,2:02,62,0.76,0xe55,3.67E+03
95,5/6/2020,2:02,62,0.76,0xe49,3.66E+03
96,5/6/2020,2:03,62,0.76,0xe48,3.66E+03
97,5/6/2020,2:05,62,0.76,0xe3d,3.65E+03
98,5/6/2020,2:06,62,0.76,0xe33,3.64E+03
99,5/6/2020,2:11,62,0.76,0xe33,3.64E+03
100,5/6/2020,2:13,62,0.76,0xe31,3.63E+03
101,5/6/2020,2:14,62,0.76,0xe2b,3.63E+03
102,5/6/2020,2:14,62,0.76,0xe29,3.63E+03
103,5/6/2020,2:14,62,0.76,0xe22,3.62E+03
104,5/6/2020,2:15,62,0.75,0xe1d,3.61E+03
105,5/6/2020,2:16,62,0.75,0xe19,3.61E+03
106,5/6/2020,2:19,62,0.75,0xe0f,3.60E+03
107,5/6/2020,2:21,62,0.75,0xe0c,3.60E+03
108,5/6/2020,2:23,62,0.75,0xdfc,3.58E+03
109,5/6/2020,2:24,62,0.75,0xdfc,3.58E+03
110,5/6/2020,2:28,62,0.75,0xdfa,3.58E+03
111,5/6/2020,2:29,62,0.75,0xdf8,3.58E+03
112,5/6/2020,2:34,62,0.75,0xdf7,3.58E+03
113,5/6/2020,2:35,62,0.75,0xdeb,3.56E+03
114,5/6/2020,2:35,62,0.75,0xde6,3.56E+03
115,5/6/2020,2:36,62,0.75,0xde1,3.55E+03
116,5/6/2020,2:36,62,0.75,0xde0,3.55E+03
117,5/6/2020,2:38,62,0.75,0xdd5,3.54E+03
118,5/6/2020,2:39,62,0.75,0xdd3,3.54E+03
119,5/6/2020,2:40,62,0.75,0xdd2,3.54E+03
120,5/6/2020,2:41,62,0.75,0xdd1,3.54E+03
121,5/6/2020,2:41,62,0.75,0xdd1,3.54E+03
122,5/6/2020,2:41,62,0.74,0xdcd,3.53E+03
123,5/6/2020,2:42,62,0.74,0xdcb,3.53E+03
124,5/6/2020,2:42,62,0.74,0xdca,3.53E+03
125,5/6/2020,2:45,62,0.74,0xdc6,3.53E+03
126,5/6/2020,2:45,62,0.74,0xdc3,3.52E+03
127,5/6/2020,2:46,62,0.74,0xdc3,3.52E+03
128,5/6/2020,2:47,62,0.74,0xdc2,3.52E+03
129,5/6/2020,2:48,62,0.74,0xdbb,3.52E+03
130,5/6/2020,2:53,62,0.74,0xdad,3.50E+03
131,5/6/2020,2:53,62,0.74,0xdac,3.50E+03
132,5/6/2020,2:55,62,0.74,0xdab,3.50E+03
133,5/6/2020,2:57,62,0.74,0xda4,3.49E+03
134,5/6/2020,2:58,62,0.74,0xda1,3.49E+03
135,5/6/2020,3:01,62,0.74,0xd98,3.48E+03
136,5/6/2020,3:03,62,0.74,0xd97,3.48E+03
137,5/6/2020,3:04,63,0.74,0xd94,3.48E+03
138,5/6/2020,3:05,63,0.74,0xd88,3.46E+03
139,5/6/2020,3:07,63,0.74,0xd87,3.46E+03
140,5/6/2020,3:10,63,0.74,0xd7f,3.46E+03
141,5/6/2020,3:10,63,0.74,0xd7c,3.45E+03
142,5/6/2020,3:12,63,0.74,0xd7b,3.45E+03
143,5/6/2020,3:12,63,0.74,0xd77,3.45E+03
144,5/6/2020,3:13,63,0.74,0xd77,3.45E+03
145,5/6/2020,3:14,63,0.74,0xd76,3.45E+03
146,5/6/2020,3:14,63,0.74,0xd75,3.45E+03
147,5/6/2020,3:14,63,0.74,0xd75,3.45E+03
148,5/6/2020,3:19,63,0.74,0xd74,3.44E+03
149,5/6/2020,3:19,63,0.74,0xd72,3.44E+03
150,5/6/2020,3:19,63,0.74,0xd72,3.44E+03
151,5/6/2020,3:25,63,0.74,0xd6e,3.44E+03
152,5/6/2020,3:29,63,0.74,0xd6c,3.44E+03
153,5/6/2020,3:32,63,0.74,0xd6b,3.44E+03
154,5/6/2020,3:33,63,0.74,0xd67,3.43E+03
155,5/6/2020,3:33,63,0.74,0xd62,3.43E+03
156,5/6/2020,3:36,63,0.73,0xd61,3.43E+03
157,5/6/2020,3:38,63,0.73,0xd61,3.43E+03
158,5/6/2020,3:38,63,0.73,0xd5e,3.42E+03
159,5/6/2020,3:42,63,0.73,0xd5d,3.42E+03
160,5/6/2020,3:45,63,0.73,0xd54,3.41E+03
161,5/6/2020,3:47,63,0.73,0xd51,3.41E+03
162,5/6/2020,3:48,63,0.73,0xd4c,3.40E+03
163,5/6/2020,3:48,63,0.73,0xd47,3.40E+03
164,5/6/2020,3:49,63,0.73,0xd40,3.39E+03
165,5/6/2020,3:50,63,0.73,0xd40,3.39E+03
166,5/6/2020,3:51,63,0.73,0xd36,3.38E+03
167,5/6/2020,3:52,63,0.73,0xd2e,3.37E+03
168,5/6/2020,3:52,63,0.73,0xd2d,3.37E+03
169,5/6/2020,3:53,63,0.73,0xd2d,3.37E+03
170,5/6/2020,3:54,63,0.73,0xd2c,3.37E+03
171,5/6/2020,3:55,63,0.73,0xd1d,3.36E+03
172,5/6/2020,3:57,63,0.73,0xd1c,3.36E+03
173,5/6/2020,3:58,63,0.73,0xd18,3.35E+03
174,5/6/2020,4:00,63,0.73,0xd18,3.35E+03
175,5/6/2020,4:00,63,0.73,0xd15,3.35E+03
176,5/6/2020,4:01,63,0.73,0xd0e,3.34E+03
177,5/6/2020,4:01,63,0.73,0xd07,3.34E+03
178,5/6/2020,4:07,63,0.73,0xd05,3.33E+03
179,5/6/2020,4:08,63,0.73,0xd04,3.33E+03
180,5/6/2020,4:09,63,0.73,0xcff,3.33E+03
181,5/6/2020,4:18,63,0.73,0xcfe,3.33E+03
182,5/6/2020,4:21,63,0.73,0xcfd,3.33E+03
183,5/6/2020,4:21,63,0.72,0xcfb,3.32E+03
184,5/6/2020,4:22,63,0.72,0xcf5,3.32E+03
185,5/6/2020,4:23,63,0.72,0xcf0,3.31E+03
186,5/6/2020,4:23,64,0.72,0xcec,3.31E+03
187,5/6/2020,4:24,64,0.72,0xcec,3.31E+03
188,5/6/2020,4:27,64,0.72,0xce6,3.30E+03
189,5/6/2020,4:28,64,0.72,0xce5,3.30E+03
190,5/6/2020,4:28,64,0.72,0xcde,3.29E+03
191,5/6/2020,4:31,64,0.72,0xcda,3.29E+03
192,5/6/2020,4:31,64,0.72,0xcd8,3.29E+03
193,5/6/2020,4:33,64,0.72,0xcd6,3.29E+03
194,5/6/2020,4:33,64,0.72,0xccd,3.28E+03
195,5/6/2020,4:34,64,0.72,0xcc6,3.27E+03
196,5/6/2020,4:34,64,0.72,0xcc4,3.27E+03
197,5/6/2020,4:34,64,0.72,0xcc2,3.27E+03
198,5/6/2020,4:35,64,0.72,0xcc1,3.27E+03
199,5/6/2020,4:37,64,0.72,0xcbf,3.26E+03
200,5/6/2020,4:38,64,0.72,0xcbc,3.26E+03
201,5/6/2020,4:41,64,0.72,0xcb2,3.25E+03
202,5/6/2020,4:42,64,0.72,0xcaf,3.25E+03
203,5/6/2020,4:42,64,0.72,0xcac,3.24E+03
204,5/6/2020,4:44,64,0.72,0xcaa,3.24E+03
205,5/6/2020,4:49,64,0.72,0xc9e,3.23E+03
206,5/6/2020,4:49,64,0.72,0xc98,3.22E+03
207,5/6/2020,4:50,64,0.72,0xc89,3.21E+03
208,5/6/2020,4:52,64,0.72,0xc88,3.21E+03
209,5/6/2020,4:53,64,0.72,0xc88,3.21E+03
210,5/6/2020,4:56,64,0.72,0xc86,3.21E+03
211,5/6/2020,4:57,64,0.72,0xc85,3.21E+03
212,5/6/2020,4:57,64,0.72,0xc84,3.20E+03
213,5/6/2020,4:58,64,0.72,0xc81,3.20E+03
214,5/6/2020,4:58,64,0.72,0xc7c,3.20E+03
215,5/6/2020,5:00,64,0.72,0xc78,3.19E+03
216,5/6/2020,5:00,64,0.72,0xc74,3.19E+03
217,5/6/2020,5:06,64,0.72,0xc72,3.19E+03
218,5/6/2020,5:08,64,0.71,0xc69,3.18E+03
219,5/6/2020,5:10,64,0.71,0xc66,3.17E+03
220,5/6/2020,5:11,64,0.71,0xc65,3.17E+03
221,5/6/2020,5:14,64,0.71,0xc5d,3.17E+03
222,5/6/2020,5:15,64,0.71,0xc5c,3.16E+03
223,5/6/2020,5:15,64,0.71,0xc5a,3.16E+03
224,5/6/2020,5:19,64,0.71,0xc5a,3.16E+03
225,5/6/2020,5:19,64,0.71,0xc56,3.16E+03
226,5/6/2020,5:20,64,0.71,0xc55,3.16E+03
227,5/6/2020,5:21,64,0.71,0xc43,3.14E+03
228,5/6/2020,5:21,64,0.71,0xc43,3.14E+03
229,5/6/2020,5:21,64,0.71,0xc3a,3.13E+03
230,5/6/2020,5:23,64,0.71,0xc3a,3.13E+03
231,5/6/2020,5:24,64,0.71,0xc37,3.13E+03
232,5/6/2020,5:27,64,0.71,0xc30,3.12E+03
233,5/6/2020,5:28,64,0.71,0xc2e,3.12E+03
234,5/6/2020,5:29,64,0.71,0xc2d,3.12E+03
235,5/6/2020,5:30,64,0.71,0xc28,3.11E+03
236,5/6/2020,5:31,64,0.71,0xc26,3.11E+03
237,5/6/2020,5:32,64,0.71,0xc25,3.11E+03
238,5/6/2020,5:34,64,0.71,0xc24,3.11E+03
239,5/6/2020,5:34,64,0.71,0xc24,3.11E+03
240,5/6/2020,5:35,65,0.71,0xc1f,3.10E+03
241,5/6/2020,5:36,65,0.71,0xc1c,3.10E+03
242,5/6/2020,5:38,65,0.71,0xc1b,3.10E+03
243,5/6/2020,5:38,65,0.71,0xc14,3.09E+03
244,5/6/2020,5:39,65,0.71,0xc13,3.09E+03
245,5/6/2020,5:40,65,0.71,0xc10,3.09E+03
246,5/6/2020,5:40,65,0.71,0xc0f,3.09E+03
247,5/6/2020,5:42,65,0.71,0xc0f,3.09E+03
248,5/6/2020,5:44,65,0.71,0xc04,3.08E+03
249,5/6/2020,5:44,65,0.71,0xc02,3.07E+03
250,5/6/2020,5:50,65,0.71,0xbfb,3.07E+03
251,5/6/2020,5:51,65,0.7,0xbee,3.05E+03
252,5/6/2020,5:51,65,0.7,0xbe5,3.05E+03
253,5/6/2020,5:51,65,0.7,0xbe3,3.04E+03
254,5/6/2020,5:51,65,0.7,0xbd3,3.03E+03
255,5/6/2020,5:54,65,0.7,0xbd1,3.03E+03
256,5/6/2020,5:56,65,0.7,0xbcf,3.02E+03
257,5/6/2020,5:57,65,0.7,0xbc9,3.02E+03
258,5/6/2020,5:57,65,0.7,0xbc4,3.01E+03
259,5/6/2020,5:57,65,0.7,0xbc3,3.01E+03
260,5/6/2020,6:01,65,0.7,0xbba,3.00E+03
261,5/6/2020,6:03,65,0.7,0xbb6,3.00E+03
262,5/6/2020,6:05,65,0.7,0xbae,2.99E+03
263,5/6/2020,6:05,65,0.7,0xbae,2.99E+03
264,5/6/2020,6:06,65,0.7,0xbad,2.99E+03
265,5/6/2020,6:08,65,0.7,0xba2,2.98E+03
266,5/6/2020,6:08,65,0.7,0xb9f,2.98E+03
267,5/6/2020,6:12,65,0.7,0xb96,2.97E+03
268,5/6/2020,6:13,65,0.7,0xb93,2.96E+03
269,5/6/2020,6:19,65,0.7,0xb92,2.96E+03
270,5/6/2020,6:20,65,0.7,0xb92,2.96E+03
271,5/6/2020,6:20,65,0.7,0xb91,2.96E+03
272,5/6/2020,6:21,65,0.7,0xb8f,2.96E+03
273,5/6/2020,6:22,65,0.69,0xb8d,2.96E+03
274,5/6/2020,6:22,65,0.69,0xb85,2.95E+03
275,5/6/2020,6:23,65,0.69,0xb7f,2.94E+03
276,5/6/2020,6:23,65,0.69,0xb7e,2.94E+03
277,5/6/2020,6:25,65,0.69,0xb7c,2.94E+03
278,5/6/2020,6:26,65,0.69,0xb75,2.93E+03
279,5/6/2020,6:27,65,0.69,0xb70,2.93E+03
280,5/6/2020,6:27,65,0.69,0xb6e,2.93E+03
281,5/6/2020,6:30,65,0.69,0xb6d,2.93E+03
282,5/6/2020,6:33,65,0.69,0xb62,2.91E+03
283,5/6/2020,6:34,65,0.69,0xb5a,2.91E+03
284,5/6/2020,6:35,66,0.69,0xb50,2.90E+03
285,5/6/2020,6:36,66,0.69,0xb4e,2.89E+03
286,5/6/2020,6:39,66,0.69,0xb4d,2.89E+03
287,5/6/2020,6:42,66,0.69,0xb4d,2.89E+03
288,5/6/2020,6:43,66,0.69,0xb3c,2.88E+03
289,5/6/2020,6:45,66,0.69,0xb36,2.87E+03
290,5/6/2020,6:45,66,0.69,0xb30,2.86E+03
291,5/6/2020,6:47,66,0.69,0xb2f,2.86E+03
292,5/6/2020,6:49,66,0.69,0xb2d,2.86E+03
293,5/6/2020,6:50,66,0.69,0xb2d,2.86E+03
294,5/6/2020,6:50,66,0.69,0xb1f,2.85E+03
295,5/6/2020,6:51,66,0.69,0xb1e,2.85E+03
296,5/6/2020,6:52,66,0.69,0xb1a,2.84E+03
297,5/6/2020,6:55,66,0.69,0xb18,2.84E+03
298,5/6/2020,6:57,66,0.69,0xb16,2.84E+03
299,5/6/2020,6:57,66,0.69,0xb14,2.84E+03
300,5/6/2020,6:58,66,0.68,0xb0d,2.83E+03
301,5/6/2020,6:58,66,0.68,0xb06,2.82E+03
302,5/6/2020,6:59,66,0.68,0xafd,2.81E+03
303,5/6/2020,7:00,66,0.68,0xaf7,2.81E+03
304,5/6/2020,7:01,66,0.68,0xaf5,2.81E+03
305,5/6/2020,7:01,66,0.68,0xaf0,2.80E+03
306,5/6/2020,7:01,66,0.68,0xaeb,2.80E+03
307,5/6/2020,7:04,66,0.68,0xae4,2.79E+03
308,5/6/2020,7:05,66,0.68,0xae3,2.79E+03
309,5/6/2020,7:06,66,0.68,0xadd,2.78E+03
310,5/6/2020,7:15,66,0.68,0xac9,2.76E+03
311,5/6/2020,7:18,66,0.68,0xac9,2.76E+03
312,5/6/2020,7:18,66,0.68,0xac9,2.76E+03
313,5/6/2020,7:19,66,0.68,0xac7,2.76E+03
314,5/6/2020,7:19,66,0.68,0xac6,2.76E+03
315,5/6/2020,7:20,66,0.68,0xac5,2.76E+03
316,5/6/2020,7:22,66,0.68,0xac3,2.76E+03
317,5/6/2020,7:25,66,0.68,0xac1,2.75E+03
318,5/6/2020,7:32,66,0.68,0xac0,2.75E+03
319,5/6/2020,7:34,66,0.68,0xabe,2.75E+03
320,5/6/2020,7:34,66,0.68,0xabd,2.75E+03
321,5/6/2020,7:37,66,0.67,0xab3,2.74E+03
322,5/6/2020,7:39,66,0.67,0xab2,2.74E+03
323,5/6/2020,7:41,66,0.67,0xaa6,2.73E+03
324,5/6/2020,7:43,66,0.67,0xaa6,2.73E+03
325,5/6/2020,7:43,66,0.67,0xa9e,2.72E+03
326,5/6/2020,7:43,66,0.67,0xa9b,2.72E+03
327,5/6/2020,7:45,66,0.67,0xa98,2.71E+03
328,5/6/2020,7:45,66,0.67,0xa92,2.71E+03
329,5/6/2020,7:46,66,0.67,0xa91,2.71E+03
330,5/6/2020,7:47,66,0.67,0xa8f,2.70E+03
331,5/6/2020,7:47,66,0.67,0xa84,2.69E+03
332,5/6/2020,7:51,66,0.67,0xa7d,2.69E+03
333,5/6/2020,7:52,66,0.67,0xa7b,2.68E+03
334,5/6/2020,7:53,66,0.66,0xa70,2.67E+03
335,5/6/2020,7:54,66,0.66,0xa69,2.67E+03
336,5/6/2020,7:54,66,0.66,0xa67,2.66E+03
337,5/6/2020,7:57,66,0.66,0xa65,2.66E+03
338,5/6/2020,7:59,66,0.66,0xa63,2.66E+03
339,5/6/2020,8:01,66,0.66,0xa60,2.66E+03
340,5/6/2020,8:06,66,0.66,0xa5d,2.65E+03
341,5/6/2020,8:07,66,0.66,0xa59,2.65E+03
342,5/6/2020,8:08,66,0.66,0xa59,2.65E+03
343,5/6/2020,8:10,67,0.66,0xa57,2.65E+03
344,5/6/2020,8:10,67,0.66,0xa55,2.65E+03
345,5/6/2020,8:13,67,0.66,0xa55,2.65E+03
346,5/6/2020,8:14,67,0.66,0xa53,2.64E+03
347,5/6/2020,8:14,67,0.66,0xa4b,2.64E+03
348,5/6/2020,8:15,67,0.66,0xa47,2.63E+03
349,5/6/2020,8:16,67,0.66,0xa46,2.63E+03
350,5/6/2020,8:20,67,0.66,0xa40,2.62E+03
351,5/6/2020,8:21,67,0.66,0xa3e,2.62E+03
352,5/6/2020,8:22,67,0.66,0xa3c,2.62E+03
353,5/6/2020,8:22,67,0.66,0xa38,2.62E+03
354,5/6/2020,8:24,67,0.66,0xa37,2.62E+03
355,5/6/2020,8:25,67,0.66,0xa35,2.61E+03
356,5/6/2020,8:26,67,0.66,0xa32,2.61E+03
357,5/6/2020,8:26,67,0.66,0xa2e,2.61E+03
358,5/6/2020,8:27,67,0.66,0xa2b,2.60E+03
359,5/6/2020,8:28,67,0.66,0xa28,2.60E+03
360,5/6/2020,8:29,67,0.66,0xa26,2.60E+03
361,5/6/2020,8:30,67,0.66,0xa22,2.59E+03
362,5/6/2020,8:30,67,0.66,0xa1d,2.59E+03
363,5/6/2020,8:32,67,0.65,0xa15,2.58E+03
364,5/6/2020,8:33,67,0.65,0xa14,2.58E+03
365,5/6/2020,8:33,67,0.65,0xa13,2.58E+03
366,5/6/2020,8:33,67,0.65,0xa0d,2.57E+03
367,5/6/2020,8:35,67,0.65,0xa0a,2.57E+03
368,5/6/2020,8:36,67,0.65,0xa07,2.57E+03
369,5/6/2020,8:38,67,0.65,0xa06,2.57E+03
370,5/6/2020,8:39,67,0.65,0xa03,2.56E+03
371,5/6/2020,8:40,67,0.65,0xa01,2.56E+03
372,5/6/2020,8:41,67,0.65,0x9fd,2.56E+03
373,5/6/2020,8:42,67,0.65,0x9fc,2.56E+03
374,5/6/2020,8:42,67,0.65,0x9fa,2.55E+03
375,5/6/2020,8:43,67,0.65,0x9f4,2.55E+03
376,5/6/2020,8:46,67,0.65,0x9ec,2.54E+03
377,5/6/2020,8:46,67,0.65,0x9e7,2.54E+03
378,5/6/2020,8:47,67,0.65,0x9df,2.53E+03
379,5/6/2020,8:47,67,0.65,0x9dd,2.53E+03
380,5/6/2020,8:52,67,0.65,0x9db,2.52E+03
381,5/6/2020,8:58,67,0.65,0x9db,2.52E+03
382,5/6/2020,9:00,67,0.65,0x9d9,2.52E+03
383,5/6/2020,9:00,67,0.65,0x9d8,2.52E+03
384,5/6/2020,9:01,67,0.65,0x9d5,2.52E+03
385,5/6/2020,9:01,67,0.65,0x9d2,2.51E+03
386,5/6/2020,9:02,67,0.65,0x9d1,2.51E+03
387,5/6/2020,9:05,67,0.65,0x9c7,2.50E+03
388,5/6/2020,9:06,67,0.65,0x9c7,2.50E+03
389,5/6/2020,9:07,67,0.65,0x9c2,2.50E+03
390,5/6/2020,9:07,67,0.65,0x9bf,2.50E+03
391,5/6/2020,9:07,67,0.65,0x9bc,2.49E+03
392,5/6/2020,9:07,67,0.65,0x9b8,2.49E+03
393,5/6/2020,9:08,68,0.65,0x9b4,2.48E+03
394,5/6/2020,9:12,68,0.65,0x9b4,2.48E+03
395,5/6/2020,9:13,68,0.65,0x9b3,2.48E+03
396,5/6/2020,9:13,68,0.65,0x9b3,2.48E+03
397,5/6/2020,9:15,68,0.65,0x9af,2.48E+03
398,5/6/2020,9:15,68,0.65,0x9ae,2.48E+03
399,5/6/2020,9:16,68,0.65,0x9a7,2.47E+03
400,5/6/2020,9:16,68,0.65,0x9a0,2.46E+03
401,5/6/2020,9:16,68,0.65,0x99f,2.46E+03
402,5/6/2020,9:17,68,0.65,0x992,2.45E+03
403,5/6/2020,9:19,68,0.64,0x991,2.45E+03
404,5/6/2020,9:21,68,0.64,0x98f,2.45E+03
405,5/6/2020,9:21,68,0.64,0x986,2.44E+03
406,5/6/2020,9:23,68,0.64,0x985,2.44E+03
407,5/6/2020,9:24,68,0.64,0x982,2.43E+03
408,5/6/2020,9:24,68,0.64,0x97e,2.43E+03
409,5/6/2020,9:26,68,0.64,0x97d,2.43E+03
410,5/6/2020,9:26,68,0.64,0x976,2.42E+03
411,5/6/2020,9:27,68,0.64,0x975,2.42E+03
412,5/6/2020,9:29,68,0.64,0x975,2.42E+03
413,5/6/2020,9:30,68,0.64,0x96a,2.41E+03
414,5/6/2020,9:30,68,0.64,0x960,2.40E+03
415,5/6/2020,9:30,68,0.64,0x960,2.40E+03
416,5/6/2020,9:31,68,0.63,0x960,2.40E+03
417,5/6/2020,9:32,68,0.63,0x95f,2.40E+03
418,5/6/2020,9:33,68,0.63,0x95c,2.40E+03
419,5/6/2020,9:34,68,0.63,0x952,2.39E+03
420,5/6/2020,9:34,68,0.63,0x951,2.39E+03
421,5/6/2020,9:35,68,0.63,0x94e,2.38E+03
422,5/6/2020,9:36,68,0.63,0x949,2.38E+03
423,5/6/2020,9:38,68,0.63,0x948,2.38E+03
424,5/6/2020,9:38,68,0.63,0x945,2.37E+03
425,5/6/2020,9:42,68,0.63,0x945,2.37E+03
426,5/6/2020,9:42,68,0.63,0x93f,2.37E+03
427,5/6/2020,9:45,68,0.63,0x93e,2.37E+03
428,5/6/2020,9:48,68,0.63,0x934,2.36E+03
429,5/6/2020,9:49,68,0.63,0x933,2.36E+03
430,5/6/2020,9:49,68,0.63,0x930,2.35E+03
431,5/6/2020,9:50,68,0.63,0x926,2.34E+03
432,5/6/2020,9:51,68,0.63,0x920,2.34E+03
433,5/6/2020,9:53,68,0.63,0x91e,2.33E+03
434,5/6/2020,9:53,68,0.63,0x91a,2.33E+03
435,5/6/2020,9:56,68,0.63,0x915,2.33E+03
436,5/6/2020,9:57,69,0.63,0x913,2.32E+03
437,5/6/2020,9:58,69,0.63,0x912,2.32E+03
438,5/6/2020,9:59,69,0.63,0x90c,2.32E+03
439,5/6/2020,10:00,69,0.63,0x909,2.31E+03
440,5/6/2020,10:05,69,0.63,0x903,2.31E+03
441,5/6/2020,10:05,69,0.63,0x8ff,2.30E+03
442,5/6/2020,10:06,69,0.63,0x8fc,2.30E+03
443,5/6/2020,10:06,69,0.63,0x8f5,2.29E+03
444,5/6/2020,10:07,69,0.63,0x8f3,2.29E+03
445,5/6/2020,10:10,69,0.62,0x8ec,2.28E+03
446,5/6/2020,10:11,69,0.62,0x8ea,2.28E+03
447,5/6/2020,10:11,69,0.62,0x8e9,2.28E+03
448,5/6/2020,10:11,69,0.62,0x8e7,2.28E+03
449,5/6/2020,10:14,69,0.62,0x8dc,2.27E+03
450,5/6/2020,10:16,69,0.62,0x8d7,2.26E+03
451,5/6/2020,10:20,69,0.62,0x8d6,2.26E+03
452,5/6/2020,10:26,69,0.62,0x8d1,2.26E+03
453,5/6/2020,10:27,69,0.62,0x8c9,2.25E+03
454,5/6/2020,10:29,69,0.62,0x8c3,2.24E+03
455,5/6/2020,10:30,69,0.62,0x8bf,2.24E+03
456,5/6/2020,10:32,69,0.62,0x8bc,2.24E+03
457,5/6/2020,10:32,69,0.62,0x8b9,2.23E+03
458,5/6/2020,10:33,69,0.62,0x8b5,2.23E+03
459,5/6/2020,10:33,69,0.62,0x8b2,2.23E+03
460,5/6/2020,10:33,69,0.62,0x8b2,2.23E+03
461,5/6/2020,10:33,69,0.62,0x8b1,2.23E+03
462,5/6/2020,10:35,69,0.62,0x8b1,2.23E+03
463,5/6/2020,10:38,69,0.62,0x8a6,2.21E+03
464,5/6/2020,10:39,69,0.62,0x8a4,2.21E+03
465,5/6/2020,10:39,69,0.62,0x89e,2.21E+03
466,5/6/2020,10:41,69,0.62,0x897,2.20E+03
467,5/6/2020,10:42,69,0.62,0x88d,2.19E+03
468,5/6/2020,10:42,69,0.62,0x88d,2.19E+03
469,5/6/2020,10:48,69,0.62,0x87c,2.17E+03
470,5/6/2020,10:52,69,0.62,0x879,2.17E+03
471,5/6/2020,10:55,69,0.62,0x86d,2.16E+03
472,5/6/2020,10:56,69,0.62,0x86d,2.16E+03
473,5/6/2020,10:57,69,0.61,0x86c,2.16E+03
474,5/6/2020,10:57,69,0.61,0x865,2.15E+03
475,5/6/2020,10:58,69,0.61,0x864,2.15E+03
476,5/6/2020,11:00,69,0.61,0x863,2.15E+03
477,5/6/2020,11:01,69,0.61,0x852,2.13E+03
478,5/6/2020,11:02,69,0.61,0x850,2.13E+03
479,5/6/2020,11:04,70,0.61,0x850,2.13E+03
480,5/6/2020,11:04,70,0.61,0x84a,2.12E+03
481,5/6/2020,11:06,70,0.61,0x83b,2.11E+03
482,5/6/2020,11:08,70,0.61,0x835,2.10E+03
483,5/6/2020,11:13,70,0.61,0x827,2.09E+03
484,5/6/2020,11:13,70,0.61,0x826,2.09E+03
485,5/6/2020,11:15,70,0.61,0x825,2.09E+03
486,5/6/2020,11:16,70,0.61,0x823,2.08E+03
487,5/6/2020,11:17,70,0.61,0x81f,2.08E+03
488,5/6/2020,11:18,70,0.61,0x81c,2.08E+03
489,5/6/2020,11:20,70,0.61,0x819,2.07E+03
490,5/6/2020,11:22,70,0.61,0x80e,2.06E+03
491,5/6/2020,11:26,70,0.61,0x807,2.06E+03
492,5/6/2020,11:27,70,0.61,0x804,2.05E+03
493,5/6/2020,11:28,70,0.61,0x7fd,2.05E+03
494,5/6/2020,11:29,70,0.61,0x7f8,2.04E+03
495,5/6/2020,11:29,70,0.61,0x7f5,2.04E+03
496,5/6/2020,11:32,70,0.61,0x7f2,2.03E+03
497,5/6/2020,11:33,70,0.6,0x7f1,2.03E+03
498,5/6/2020,11:33,70,0.6,0x7f1,2.03E+03
499,5/6/2020,11:35,70,0.6,0x7ef,2.03E+03
500,5/6/2020,11:39,70,0.6,0x7ee,2.03E+03
501,5/6/2020,11:41,70,0.6,0x7e6,2.02E+03
502,5/6/2020,11:41,70,0.6,0x7e0,2.02E+03
503,5/6/2020,11:42,70,0.6,0x7c9,1.99E+03
504,5/6/2020,11:42,70,0.6,0x7c6,1.99E+03
505,5/6/2020,11:46,70,0.6,0x7c5,1.99E+03
506,5/6/2020,11:46,70,0.6,0x7b1,1.97E+03
507,5/6/2020,11:48,70,0.6,0x7b0,1.97E+03
508,5/6/2020,11:50,70,0.6,0x7ad,1.97E+03
509,5/6/2020,11:52,70,0.6,0x7ac,1.96E+03
510,5/6/2020,11:54,70,0.6,0x7ab,1.96E+03
511,5/6/2020,11:54,70,0.6,0x7ab,1.96E+03
512,5/6/2020,11:55,70,0.6,0x7a7,1.96E+03
513,5/6/2020,11:56,70,0.6,0x7a1,1.95E+03
514,5/6/2020,11:58,70,0.6,0x7a1,1.95E+03
515,5/6/2020,12:01,70,0.6,0x79a,1.95E+03
516,5/6/2020,12:02,70,0.6,0x797,1.94E+03
517,5/6/2020,12:03,70,0.6,0x797,1.94E+03
518,5/6/2020,12:04,70,0.6,0x796,1.94E+03
519,5/6/2020,12:04,70,0.59,0x794,1.94E+03
520,5/6/2020,12:05,70,0.59,0x791,1.94E+03
521,5/6/2020,12:06,71,0.59,0x790,1.94E+03
522,5/6/2020,12:07,71,0.59,0x78c,1.93E+03
523,5/6/2020,12:09,71,0.59,0x78b,1.93E+03
524,5/6/2020,12:11,71,0.59,0x789,1.93E+03
525,5/6/2020,12:12,71,0.59,0x788,1.93E+03
526,5/6/2020,12:13,71,0.59,0x77f,1.92E+03
527,5/6/2020,12:16,71,0.59,0x77c,1.92E+03
528,5/6/2020,12:17,71,0.59,0x77a,1.91E+03
529,5/6/2020,12:18,71,0.59,0x77a,1.91E+03
530,5/6/2020,12:19,71,0.59,0x76c,1.90E+03
531,5/6/2020,12:20,71,0.59,0x76c,1.90E+03
532,5/6/2020,12:20,71,0.59,0x76a,1.90E+03
533,5/6/2020,12:20,71,0.59,0x75e,1.89E+03
534,5/6/2020,12:23,71,0.59,0x75d,1.89E+03
535,5/6/2020,12:26,71,0.59,0x759,1.88E+03
536,5/6/2020,12:27,71,0.59,0x756,1.88E+03
537,5/6/2020,12:27,71,0.59,0x754,1.88E+03
538,5/6/2020,12:29,71,0.59,0x752,1.87E+03
539,5/6/2020,12:30,71,0.59,0x751,1.87E+03
540,5/6/2020,12:30,71,0.59,0x74b,1.87E+03
541,5/6/2020,12:31,71,0.59,0x73c,1.85E+03
542,5/6/2020,12:32,71,0.59,0x734,1.84E+03
543,5/6/2020,12:32,71,0.59,0x732,1.84E+03
544,5/6/2020,12:33,71,0.59,0x732,1.84E+03
545,5/6/2020,12:34,71,0.58,0x730,1.84E+03
546,5/6/2020,12:35,71,0.58,0x72b,1.84E+03
547,5/6/2020,12:37,71,0.58,0x723,1.83E+03
548,5/6/2020,12:37,71,0.58,0x720,1.82E+03
549,5/6/2020,12:39,71,0.58,0x718,1.82E+03
550,5/6/2020,12:41,71,0.58,0x716,1.81E+03
551,5/6/2020,12:41,71,0.58,0x715,1.81E+03
552,5/6/2020,12:45,71,0.58,0x712,1.81E+03
553,5/6/2020,12:45,71,0.58,0x70d,1.81E+03
554,5/6/2020,12:46,71,0.58,0x6fe,1.79E+03
555,5/6/2020,12:46,71,0.58,0x6f4,1.78E+03
556,5/6/2020,12:48,71,0.58,0x6f3,1.78E+03
557,5/6/2020,12:51,71,0.58,0x6ee,1.77E+03
558,5/6/2020,12:52,71,0.58,0x6ea,1.77E+03
559,5/6/2020,12:53,71,0.58,0x6e7,1.77E+03
560,5/6/2020,12:55,72,0.58,0x6e6,1.77E+03
561,5/6/2020,12:59,72,0.58,0x6de,1.76E+03
562,5/6/2020,12:59,72,0.58,0x6de,1.76E+03
563,5/6/2020,13:02,72,0.58,0x6d8,1.75E+03
564,5/6/2020,13:04,72,0.58,0x6cf,1.74E+03
565,5/6/2020,13:05,72,0.58,0x6ce,1.74E+03
566,5/6/2020,13:06,72,0.58,0x6ce,1.74E+03
567,5/6/2020,13:07,72,0.58,0x6cd,1.74E+03
568,5/6/2020,13:07,72,0.58,0x6cd,1.74E+03
569,5/6/2020,13:08,72,0.58,0x6c8,1.74E+03
570,5/6/2020,13:10,72,0.57,0x6c5,1.73E+03
571,5/6/2020,13:11,72,0.57,0x6c3,1.73E+03
572,5/6/2020,13:11,72,0.57,0x6c1,1.73E+03
573,5/6/2020,13:12,72,0.57,0x6c0,1.73E+03
574,5/6/2020,13:12,72,0.57,0x6b9,1.72E+03
575,5/6/2020,13:16,72,0.57,0x6b6,1.72E+03
576,5/6/2020,13:17,72,0.57,0x6b6,1.72E+03
577,5/6/2020,13:18,72,0.57,0x6b3,1.72E+03
578,5/6/2020,13:18,72,0.57,0x6b2,1.71E+03
579,5/6/2020,13:18,72,0.57,0x6ab,1.71E+03
580,5/6/2020,13:19,72,0.57,0x6a9,1.71E+03
581,5/6/2020,13:20,72,0.57,0x6a2,1.70E+03
582,5/6/2020,13:23,72,0.57,0x69d,1.69E+03
583,5/6/2020,13:30,72,0.57,0x692,1.68E+03
584,5/6/2020,13:31,72,0.57,0x690,1.68E+03
585,5/6/2020,13:31,72,0.57,0x68f,1.68E+03
586,5/6/2020,13:36,72,0.57,0x68c,1.68E+03
587,5/6/2020,13:38,72,0.57,0x687,1.67E+03
588,5/6/2020,13:41,72,0.57,0x681,1.67E+03
589,5/6/2020,13:47,72,0.57,0x681,1.67E+03
590,5/6/2020,13:47,72,0.57,0x67d,1.66E+03
591,5/6/2020,13:48,72,0.57,0x67d,1.66E+03
592,5/6/2020,13:50,72,0.57,0x67d,1.66E+03
593,5/6/2020,13:50,72,0.57,0x67d,1.66E+03
594,5/6/2020,13:51,72,0.57,0x67b,1.66E+03
595,5/6/2020,13:53,72,0.57,0x67b,1.66E+03
596,5/6/2020,13:54,72,0.57,0x678,1.66E+03
597,5/6/2020,13:54,72,0.57,0x673,1.65E+03
598,5/6/2020,13:55,72,0.56,0x66b,1.64E+03
599,5/6/2020,13:56,72,0.56,0x66a,1.64E+03
600,5/6/2020,13:56,72,0.56,0x667,1.64E+03
601,5/6/2020,14:00,72,0.56,0x664,1.64E+03
602,5/6/2020,14:01,72,0.56,0x663,1.64E+03
603,5/6/2020,14:01,72,0.56,0x65f,1.63E+03
604,5/6/2020,14:03,72,0.56,0x65e,1.63E+03
605,5/6/2020,14:07,73,0.56,0x65b,1.63E+03
606,5/6/2020,14:08,73,0.56,0x651,1.62E+03
607,5/6/2020,14:12,73,0.56,0x651,1.62E+03
608,5/6/2020,14:12,73,0.56,0x647,1.61E+03
609,5/6/2020,14:12,73,0.56,0x63a,1.59E+03
610,5/6/2020,14:16,73,0.56,0x632,1.59E+03
611,5/6/2020,14:16,73,0.56,0x632,1.59E+03
612,5/6/2020,14:18,73,0.56,0x62f,1.58E+03
613,5/6/2020,14:18,73,0.56,0x627,1.58E+03
614,5/6/2020,14:18,73,0.56,0x623,1.57E+03
615,5/6/2020,14:19,73,0.56,0x621,1.57E+03
616,5/6/2020,14:19,73,0.56,0x61e,1.57E+03
617,5/6/2020,14:20,73,0.56,0x619,1.56E+03
618,5/6/2020,14:22,73,0.56,0x617,1.56E+03
619,5/6/2020,14:22,73,0.56,0x612,1.55E+03
620,5/6/2020,14:23,73,0.56,0x608,1.54E+03
621,5/6/2020,14:25,73,0.56,0x608,1.54E+03
622,5/6/2020,14:28,73,0.56,0x608,1.54E+03
623,5/6/2020,14:28,73,0.56,0x5f5,1.53E+03
624,5/6/2020,14:28,73,0.55,0x5f5,1.53E+03
625,5/6/2020,14:32,73,0.55,0x5f4,1.52E+03
626,5/6/2020,14:34,73,0.55,0x5ef,1.52E+03
627,5/6/2020,14:34,73,0.55,0x5e2,1.51E+03
628,5/6/2020,14:35,73,0.55,0x5e2,1.51E+03
629,5/6/2020,14:37,73,0.55,0x5e1,1.51E+03
630,5/6/2020,14:41,73,0.55,0x5d8,1.50E+03
631,5/6/2020,14:41,73,0.55,0x5d7,1.50E+03
632,5/6/2020,14:42,73,0.55,0x5d6,1.49E+03
633,5/6/2020,14:47,73,0.55,0x5d5,1.49E+03
634,5/6/2020,14:49,73,0.55,0x5c8,1.48E+03
635,5/6/2020,14:54,73,0.55,0x5c4,1.48E+03
636,5/6/2020,14:55,73,0.55,0x5c3,1.48E+03
637,5/6/2020,14:57,73,0.55,0x5bd,1.47E+03
638,5/6/2020,14:57,73,0.55,0x5ba,1.47E+03
639,5/6/2020,14:57,73,0.55,0x5b5,1.46E+03
640,5/6/2020,14:58,73,0.55,0x5b2,1.46E+03
641,5/6/2020,15:01,73,0.55,0x5b2,1.46E+03
642,5/6/2020,15:04,73,0.55,0x5af,1.46E+03
643,5/6/2020,15:07,73,0.55,0x5a7,1.45E+03
644,5/6/2020,15:11,73,0.55,0x5a0,1.44E+03
645,5/6/2020,15:12,73,0.55,0x59f,1.44E+03
646,5/6/2020,15:13,73,0.55,0x59c,1.44E+03
647,5/6/2020,15:13,73,0.55,0x599,1.43E+03
648,5/6/2020,15:14,73,0.54,0x590,1.42E+03
649,5/6/2020,15:14,73,0.54,0x58d,1.42E+03
650,5/6/2020,15:14,73,0.54,0x58c,1.42E+03
651,5/6/2020,15:15,73,0.54,0x589,1.42E+03
652,5/6/2020,15:15,73,0.54,0x588,1.42E+03
653,5/6/2020,15:16,73,0.54,0x587,1.42E+03
654,5/6/2020,15:18,73,0.54,0x580,1.41E+03
655,5/6/2020,15:22,73,0.54,0x57f,1.41E+03
656,5/6/2020,15:24,74,0.54,0x572,1.39E+03
657,5/6/2020,15:24,74,0.54,0x571,1.39E+03
658,5/6/2020,15:25,74,0.54,0x56a,1.39E+03
659,5/6/2020,15:28,74,0.54,0x567,1.38E+03
660,5/6/2020,15:29,74,0.54,0x55a,1.37E+03
661,5/6/2020,15:32,74,0.54,0x556,1.37E+03
662,5/6/2020,15:39,74,0.54,0x554,1.36E+03
663,5/6/2020,15:41,74,0.54,0x554,1.36E+03
664,5/6/2020,15:41,74,0.54,0x54f,1.36E+03
665,5/6/2020,15:43,74,0.54,0x54e,1.36E+03
666,5/6/2020,15:43,74,0.54,0x547,1.35E+03
667,5/6/2020,15:45,74,0.54,0x53e,1.34E+03
668,5/6/2020,15:47,74,0.54,0x53c,1.34E+03
669,5/6/2020,15:48,74,0.54,0x53c,1.34E+03
670,5/6/2020,15:49,74,0.54,0x53b,1.34E+03
671,5/6/2020,15:50,74,0.54,0x539,1.34E+03
672,5/6/2020,15:51,74,0.54,0x52d,1.33E+03
673,5/6/2020,15:51,74,0.53,0x529,1.32E+03
674,5/6/2020,15:51,74,0.53,0x51d,1.31E+03
675,5/6/2020,15:53,74,0.53,0x517,1.30E+03
676,5/6/2020,15:56,74,0.53,0x516,1.30E+03
677,5/6/2020,15:58,74,0.53,0x516,1.30E+03
678,5/6/2020,16:00,74,0.53,0x511,1.30E+03
679,5/6/2020,16:05,74,0.53,0x500,1.28E+03
680,5/6/2020,16:05,74,0.53,0x4fe,1.28E+03
681,5/6/2020,16:06,74,0.53,0x4f3,1.27E+03
682,5/6/2020,16:07,74,0.53,0x4f1,1.27E+03
683,5/6/2020,16:08,74,0.53,0x4ef,1.26E+03
684,5/6/2020,16:08,74,0.53,0x4de,1.25E+03
685,5/6/2020,16:09,74,0.53,0x4dc,1.24E+03
686,5/6/2020,16:11,74,0.53,0x4d8,1.24E+03
687,5/6/2020,16:11,74,0.53,0x4cf,1.23E+03
688,5/6/2020,16:11,74,0.53,0x4cd,1.23E+03
689,5/6/2020,16:12,74,0.53,0x4ca,1.23E+03
690,5/6/2020,16:14,74,0.53,0x4c6,1.22E+03
691,5/6/2020,16:15,74,0.53,0x4bb,1.21E+03
692,5/6/2020,16:16,74,0.53,0x4b5,1.21E+03
693,5/6/2020,16:17,74,0.53,0x4b1,1.20E+03
694,5/6/2020,16:18,74,0.53,0x4b1,1.20E+03
695,5/6/2020,16:20,74,0.52,0x4b0,1.20E+03
696,5/6/2020,16:21,74,0.52,0x4ae,1.20E+03
697,5/6/2020,16:23,74,0.52,0x4ac,1.20E+03
698,5/6/2020,16:24,74,0.52,0x4ab,1.20E+03
699,5/6/2020,16:29,74,0.52,0x4a7,1.19E+03
700,5/6/2020,16:29,74,0.52,0x4a2,1.19E+03
701,5/6/2020,16:29,74,0.52,0x49e,1.18E+03
702,5/6/2020,16:29,74,0.52,0x498,1.18E+03
703,5/6/2020,16:29,74,0.52,0x492,1.17E+03
704,5/6/2020,16:30,74,0.52,0x48e,1.17E+03
705,5/6/2020,16:33,74,0.52,0x487,1.16E+03
706,5/6/2020,16:34,74,0.52,0x483,1.16E+03
707,5/6/2020,16:35,74,0.52,0x483,1.16E+03
708,5/6/2020,16:39,74,0.52,0x47e,1.15E+03
709,5/6/2020,16:40,74,0.52,0x479,1.15E+03
710,5/6/2020,16:40,74,0.52,0x475,1.14E+03
711,5/6/2020,16:40,74,0.52,0x473,1.14E+03
712,5/6/2020,16:42,74,0.52,0x473,1.14E+03
713,5/6/2020,16:45,75,0.52,0x46d,1.13E+03
714,5/6/2020,16:46,75,0.52,0x464,1.12E+03
715,5/6/2020,16:47,75,0.52,0x461,1.12E+03
716,5/6/2020,16:50,75,0.52,0x45e,1.12E+03
717,5/6/2020,16:52,75,0.52,0x45c,1.12E+03
718,5/6/2020,16:52,75,0.52,0x45a,1.11E+03
719,5/6/2020,16:53,75,0.52,0x457,1.11E+03
720,5/6/2020,16:54,75,0.52,0x454,1.11E+03
721,5/6/2020,16:56,75,0.52,0x454,1.11E+03
722,5/6/2020,16:58,75,0.52,0x450,1.10E+03
723,5/6/2020,17:03,75,0.52,0x44d,1.10E+03
724,5/6/2020,17:06,75,0.52,0x445,1.09E+03
725,5/6/2020,17:06,75,0.51,0x443,1.09E+03
726,5/6/2020,17:07,75,0.51,0x43e,1.09E+03
727,5/6/2020,17:08,75,0.51,0x43c,1.08E+03
728,5/6/2020,17:09,75,0.51,0x43a,1.08E+03
729,5/6/2020,17:10,75,0.51,0x42d,1.07E+03
730,5/6/2020,17:10,75,0.51,0x42d,1.07E+03
731,5/6/2020,17:11,75,0.51,0x42d,1.07E+03
732,5/6/2020,17:11,75,0.51,0x42b,1.07E+03
733,5/6/2020,17:11,75,0.51,0x429,1.07E+03
734,5/6/2020,17:12,75,0.51,0x423,1.06E+03
735,5/6/2020,17:13,75,0.51,0x420,1.06E+03
736,5/6/2020,17:17,75,0.51,0x420,1.06E+03
737,5/6/2020,17:19,75,0.51,0x41b,1.05E+03
738,5/6/2020,17:19,75,0.51,0x41a,1.05E+03
739,5/6/2020,17:24,75,0.51,0x414,1.04E+03
740,5/6/2020,17:25,75,0.51,0x412,1.04E+03
741,5/6/2020,17:26,75,0.51,0x412,1.04E+03
742,5/6/2020,17:28,75,0.51,0x410,1.04E+03
743,5/6/2020,17:29,75,0.51,0x40b,1.04E+03
744,5/6/2020,17:30,75,0.51,0x404,1.03E+03
745,5/6/2020,17:31,75,0.51,0x402,1.03E+03
746,5/6/2020,17:34,75,0.51,0x400,1.02E+03
747,5/6/2020,17:38,75,0.51,0x3f7,1.02E+03
748,5/6/2020,17:41,75,0.51,0x3f7,1.02E+03
749,5/6/2020,17:46,75,0.5,0x3f4,1.01E+03
750,5/6/2020,17:46,75,0.5,0x3f3,1.01E+03
751,5/6/2020,17:49,75,0.5,0x3ef,1.01E+03
752,5/6/2020,17:50,75,0.5,0x3eb,1.00E+03
753,5/6/2020,17:52,75,0.5,0x3ea,1.00E+03
754,5/6/2020,17:52,75,0.5,0x3e8,1.00E+03
755,5/6/2020,17:52,75,0.5,0x3e6,9.98E+02
756,5/6/2020,17:53,75,0.5,0x3e1,9.93E+02
757,5/6/2020,17:54,75,0.5,0x3dd,9.89E+02
758,5/6/2020,17:54,75,0.5,0x3dc,9.88E+02
759,5/6/2020,17:55,75,0.5,0x3db,9.87E+02
760,5/6/2020,17:57,75,0.5,0x3d8,9.84E+02
761,5/6/2020,17:57,75,0.5,0x3d8,9.84E+02
762,5/6/2020,17:59,75,0.5,0x3d7,9.83E+02
763,5/6/2020,18:01,75,0.5,0x3d6,9.82E+02
764,5/6/2020,18:02,76,0.5,0x3d4,9.80E+02
765,5/6/2020,18:02,76,0.5,0x3d2,9.78E+02
766,5/6/2020,18:03,76,0.5,0x3cf,9.75E+02
767,5/6/2020,18:05,76,0.5,0x3ce,9.74E+02
768,5/6/2020,18:07,76,0.5,0x3c8,9.68E+02
769,5/6/2020,18:08,76,0.5,0x3c3,9.63E+02
770,5/6/2020,18:08,76,0.5,0x3c2,9.62E+02
771,5/6/2020,18:09,76,0.5,0x3c1,9.61E+02
772,5/6/2020,18:10,76,0.49,0x3be,9.58E+02
773,5/6/2020,18:11,76,0.49,0x3b9,9.53E+02
774,5/6/2020,18:11,76,0.49,0x3b6,9.50E+02
775,5/6/2020,18:13,76,0.49,0x3b5,9.49E+02
776,5/6/2020,18:16,76,0.49,0x3ae,9.42E+02
777,5/6/2020,18:20,76,0.49,0x3a9,9.37E+02
778,5/6/2020,18:23,76,0.49,0x3a4,9.32E+02
779,5/6/2020,18:24,76,0.49,0x39f,9.27E+02
780,5/6/2020,18:24,76,0.49,0x39c,9.24E+02
781,5/6/2020,18:25,76,0.49,0x391,9.13E+02
782,5/6/2020,18:28,76,0.49,0x37e,8.94E+02
783,5/6/2020,18:31,76,0.49,0x37c,8.92E+02
784,5/6/2020,18:32,76,0.49,0x37c,8.92E+02
785,5/6/2020,18:38,76,0.49,0x37a,8.90E+02
786,5/6/2020,18:38,76,0.49,0x375,8.85E+02
787,5/6/2020,18:41,76,0.49,0x374,8.84E+02
788,5/6/2020,18:42,76,0.49,0x373,8.83E+02
789,5/6/2020,18:45,76,0.49,0x371,8.81E+02
790,5/6/2020,18:45,76,0.49,0x365,8.69E+02
791,5/6/2020,18:48,76,0.49,0x355,8.53E+02
792,5/6/2020,18:50,76,0.49,0x34b,8.43E+02
793,5/6/2020,18:55,76,0.49,0x348,8.40E+02
794,5/6/2020,19:03,76,0.49,0x340,8.32E+02
795,5/6/2020,19:03,76,0.49,0x33f,8.31E+02
796,5/6/2020,19:03,76,0.49,0x33c,8.28E+02
797,5/6/2020,19:04,76,0.48,0x33b,8.27E+02
798,5/6/2020,19:04,76,0.48,0x336,8.22E+02
799,5/6/2020,19:08,76,0.48,0x332,8.18E+02
800,5/6/2020,19:11,76,0.48,0x32f,8.15E+02
801,5/6/2020,19:14,76,0.48,0x32f,8.15E+02
802,5/6/2020,19:17,76,0.48,0x32a,8.10E+02
803,5/6/2020,19:19,76,0.48,0x326,8.06E+02
804,5/6/2020,19:22,76,0.48,0x324,8.04E+02
805,5/6/2020,19:23,76,0.48,0x322,8.02E+02
806,5/6/2020,19:25,76,0.48,0x320,8.00E+02
807,5/6/2020,19:25,77,0.48,0x31e,7.98E+02
808,5/6/2020,19:26,77,0.48,0x31c,7.96E+02
809,5/6/2020,19:26,77,0.48,0x315,7.89E+02
810,5/6/2020,19:27,77,0.48,0x312,7.86E+02
811,5/6/2020,19:29,77,0.48,0x30c,7.80E+02
812,5/6/2020,19:33,77,0.48,0x30a,7.78E+02
813,5/6/2020,19:36,77,0.48,0x304,7.72E+02
814,5/6/2020,19:37,77,0.48,0x303,7.71E+02
815,5/6/2020,19:38,77,0.48,0x2fe,7.66E+02
816,5/6/2020,19:39,77,0.48,0x2fe,7.66E+02
817,5/6/2020,19:39,77,0.48,0x2fc,7.64E+02
818,5/6/2020,19:40,77,0.48,0x2fb,7.63E+02
819,5/6/2020,19:41,77,0.48,0x2fa,7.62E+02
820,5/6/2020,19:42,77,0.48,0x2f9,7.61E+02
821,5/6/2020,19:48,77,0.48,0x2ec,7.48E+02
822,5/6/2020,19:49,77,0.48,0x2e7,7.43E+02
823,5/6/2020,19:49,77,0.48,0x2e4,7.40E+02
824,5/6/2020,19:51,77,0.48,0x2e3,7.39E+02
825,5/6/2020,19:53,77,0.48,0x2d0,7.20E+02
826,5/6/2020,19:54,77,0.48,0x2cf,7.19E+02
827,5/6/2020,19:54,77,0.48,0x2c9,7.13E+02
828,5/6/2020,19:56,77,0.48,0x2b1,6.89E+02
829,5/6/2020,19:57,77,0.47,0x2a7,6.79E+02
830,5/6/2020,20:00,77,0.47,0x29f,6.71E+02
831,5/6/2020,20:00,77,0.47,0x29d,6.69E+02
832,5/6/2020,20:00,77,0.47,0x296,6.62E+02
833,5/6/2020,20:03,77,0.47,0x293,6.59E+02
834,5/6/2020,20:03,77,0.47,0x291,6.57E+02
835,5/6/2020,20:03,77,0.47,0x28d,6.53E+02
836,5/6/2020,20:08,77,0.47,0x28d,6.53E+02
837,5/6/2020,20:12,77,0.47,0x28a,6.50E+02
838,5/6/2020,20:15,77,0.47,0x281,6.41E+02
839,5/6/2020,20:16,77,0.47,0x27b,6.35E+02
840,5/6/2020,20:17,78,0.47,0x275,6.29E+02
841,5/6/2020,20:17,78,0.47,0x275,6.29E+02
842,5/6/2020,20:19,78,0.47,0x274,6.28E+02
843,5/6/2020,20:21,78,0.47,0x273,6.27E+02
844,5/6/2020,20:28,78,0.47,0x272,6.26E+02
845,5/6/2020,20:30,78,0.47,0x270,6.24E+02
846,5/6/2020,20:31,78,0.47,0x269,6.17E+02
847,5/6/2020,20:31,78,0.47,0x265,6.13E+02
848,5/6/2020,20:33,78,0.47,0x263,6.11E+02
849,5/6/2020,20:33,78,0.47,0x260,6.08E+02
850,5/6/2020,20:36,78,0.47,0x25b,6.03E+02
851,5/6/2020,20:39,78,0.47,0x255,5.97E+02
852,5/6/2020,20:40,78,0.47,0x253,5.95E+02
853,5/6/2020,20:40,78,0.47,0x253,5.95E+02
854,5/6/2020,20:42,78,0.46,0x252,5.94E+02
855,5/6/2020,20:43,78,0.46,0x24e,5.90E+02
856,5/6/2020,20:44,78,0.46,0x24e,5.90E+02
857,5/6/2020,20:44,78,0.46,0x247,5.83E+02
858,5/6/2020,20:47,78,0.46,0x241,5.77E+02
859,5/6/2020,20:48,78,0.46,0x23d,5.73E+02
860,5/6/2020,20:50,78,0.46,0x231,5.61E+02
861,5/6/2020,20:52,78,0.46,0x230,5.60E+02
862,5/6/2020,20:52,78,0.46,0x22c,5.56E+02
863,5/6/2020,20:52,78,0.46,0x22b,5.55E+02
864,5/6/2020,20:54,78,0.46,0x22a,5.54E+02
865,5/6/2020,20:55,78,0.46,0x228,5.52E+02
866,5/6/2020,20:56,78,0.46,0x226,5.50E+02
867,5/6/2020,20:56,78,0.46,0x21f,5.43E+02
868,5/6/2020,20:56,78,0.46,0x21d,5.41E+02
869,5/6/2020,21:01,78,0.46,0x217,5.35E+02
870,5/6/2020,21:01,78,0.46,0x208,5.20E+02
871,5/6/2020,21:01,78,0.45,0x207,5.19E+02
872,5/6/2020,21:02,78,0.45,0x1ff,5.11E+02
873,5/6/2020,21:05,78,0.45,0x1ff,5.11E+02
874,5/6/2020,21:06,78,0.45,0x1fe,5.10E+02
875,5/6/2020,21:10,78,0.45,0x1f6,5.02E+02
876,5/6/2020,21:10,78,0.45,0x1f6,5.02E+02
877,5/6/2020,21:12,78,0.45,0x1f2,4.98E+02
878,5/6/2020,21:17,78,0.45,0x1f1,4.97E+02
879,5/6/2020,21:17,78,0.45,0x1e3,4.83E+02
880,5/6/2020,21:17,78,0.45,0x1e3,4.83E+02
881,5/6/2020,21:18,78,0.45,0x1d7,4.71E+02
882,5/6/2020,21:19,78,0.45,0x1c7,4.55E+02
883,5/6/2020,21:21,78,0.45,0x1c1,4.49E+02
884,5/6/2020,21:22,78,0.45,0x1c1,4.49E+02
885,5/6/2020,21:22,78,0.45,0x1c0,4.48E+02
886,5/6/2020,21:23,78,0.45,0x1c0,4.48E+02
887,5/6/2020,21:26,78,0.45,0x1bb,4.43E+02
888,5/6/2020,21:26,78,0.45,0x1b2,4.34E+02
889,5/6/2020,21:26,78,0.45,0x1b2,4.34E+02
890,5/6/2020,21:28,78,0.45,0x1af,4.31E+02
891,5/6/2020,21:28,78,0.45,0x1af,4.31E+02
892,5/6/2020,21:30,78,0.45,0x1a3,4.19E+02
893,5/6/2020,21:31,78,0.45,0x19e,4.14E+02
894,5/6/2020,21:36,78,0.45,0x19c,4.12E+02
895,5/6/2020,21:38,78,0.45,0x197,4.07E+02
896,5/6/2020,21:39,78,0.45,0x193,4.03E+02
897,5/6/2020,21:42,78,0.45,0x191,4.01E+02
898,5/6/2020,21:45,78,0.45,0x18d,3.97E+02
899,5/6/2020,21:46,79,0.44,0x188,3.92E+02
900,5/6/2020,21:47,79,0.44,0x182,3.86E+02
901,5/6/2020,21:48,79,0.44,0x180,3.84E+02
902,5/6/2020,21:48,79,0.44,0x180,3.84E+02
903,5/6/2020,21:49,79,0.44,0x17c,3.80E+02
904,5/6/2020,21:52,79,0.44,0x17a,3.78E+02
905,5/6/2020,21:53,79,0.44,0x179,3.77E+02
906,5/6/2020,21:53,79,0.44,0x177,3.75E+02
907,5/6/2020,21:55,79,0.44,0x174,3.72E+02
908,5/6/2020,21:55,79,0.44,0x173,3.71E+02
909,5/6/2020,21:55,79,0.44,0x172,3.70E+02
910,5/6/2020,21:58,79,0.44,0x16e,3.66E+02
911,5/6/2020,22:01,79,0.44,0x169,3.61E+02
912,5/6/2020,22:05,79,0.44,0x167,3.59E+02
913,5/6/2020,22:05,79,0.44,0x165,3.57E+02
914,5/6/2020,22:06,79,0.44,0x15d,3.49E+02
915,5/6/2020,22:07,79,0.44,0x15b,3.47E+02
916,5/6/2020,22:07,79,0.44,0x159,3.45E+02
917,5/6/2020,22:08,79,0.44,0x155,3.41E+02
918,5/6/2020,22:11,79,0.44,0x14b,3.31E+02
919,5/6/2020,22:14,79,0.44,0x14a,3.30E+02
920,5/6/2020,22:14,79,0.44,0x147,3.27E+02
921,5/6/2020,22:17,79,0.43,0x146,3.26E+02
922,5/6/2020,22:18,79,0.43,0x141,3.21E+02
923,5/6/2020,22:18,79,0.43,0x13f,3.19E+02
924,5/6/2020,22:18,79,0.43,0x13a,3.14E+02
925,5/6/2020,22:19,79,0.43,0x135,3.09E+02
926,5/6/2020,22:19,79,0.43,0x132,3.06E+02
927,5/6/2020,22:21,79,0.43,0x12f,3.03E+02
928,5/6/2020,22:21,79,0.43,0x124,2.92E+02
929,5/6/2020,22:23,79,0.43,0x123,2.91E+02
930,5/6/2020,22:24,79,0.43,0x121,2.89E+02
931,5/6/2020,22:24,79,0.43,0x11d,2.85E+02
932,5/6/2020,22:28,79,0.43,0x11a,2.82E+02
933,5/6/2020,22:30,79,0.43,0x11a,2.82E+02
934,5/6/2020,22:31,79,0.43,0x115,2.77E+02
935,5/6/2020,22:32,79,0.43,0x10f,2.71E+02
936,5/6/2020,22:36,79,0.43,0x108,2.64E+02
937,5/6/2020,22:37,79,0.43,0x103,2.59E+02
938,5/6/2020,22:40,79,0.43,0x100,2.56E+02
939,5/6/2020,22:41,79,0.43,0x0fd,2.53E+02
940,5/6/2020,22:44,79,0.43,0x0fc,2.52E+02
941,5/6/2020,22:45,79,0.43,0x0fb,2.51E+02
942,5/6/2020,22:46,79,0.43,0x0fa,2.50E+02
943,5/6/2020,22:48,79,0.43,0x0f4,2.44E+02
944,5/6/2020,22:49,79,0.43,0x0e9,2.33E+02
945,5/6/2020,22:50,79,0.42,0x0e8,2.32E+02
946,5/6/2020,22:51,79,0.42,0x0e5,2.29E+02
947,5/6/2020,22:54,79,0.42,0x0db,2.19E+02
948,5/6/2020,22:54,79,0.42,0x0d9,2.17E+02
949,5/6/2020,22:57,80,0.42,0x0d8,2.16E+02
950,5/6/2020,22:58,80,0.42,0x0d3,2.11E+02
951,5/6/2020,22:59,80,0.42,0x0d0,2.08E+02
952,5/6/2020,23:01,80,0.42,0x0ce,2.06E+02
953,5/6/2020,23:01,80,0.42,0x0cb,2.03E+02
954,5/6/2020,23:02,80,0.42,0x0c6,1.98E+02
955,5/6/2020,23:03,80,0.42,0x0b7,1.83E+02
956,5/6/2020,23:03,80,0.42,0x0b6,1.82E+02
957,5/6/2020,23:03,80,0.42,0x0ae,1.74E+02
958,5/6/2020,23:04,80,0.42,0x09e,1.58E+02
959,5/6/2020,23:06,80,0.42,0x09d,1.57E+02
960,5/6/2020,23:07,80,0.42,0x09c,1.56E+02
961,5/6/2020,23:08,80,0.42,0x09c,1.56E+02
962,5/6/2020,23:12,80,0.42,0x09a,1.54E+02
963,5/6/2020,23:13,80,0.42,0x08a,1.38E+02
964,5/6/2020,23:14,80,0.42,0x088,1.36E+02
965,5/6/2020,23:14,80,0.42,0x081,1.29E+02
966,5/6/2020,23:14,80,0.42,0x07f,1.27E+02
967,5/6/2020,23:14,80,0.42,0x07a,1.22E+02
968,5/6/2020,23:14,80,0.41,0x072,1.14E+02
969,5/6/2020,23:15,80,0.41,0x072,1.14E+02
970,5/6/2020,23:15,80,0.41,0x071,1.13E+02
971,5/6/2020,23:17,80,0.41,0x06f,1.11E+02
972,5/6/2020,23:18,80,0.41,0x06f,1.11E+02
973,5/6/2020,23:21,80,0.41,0x06f,1.11E+02
974,5/6/2020,23:21,80,0.41,0x06d,1.09E+02
975,5/6/2020,23:21,80,0.41,0x06d,1.09E+02
976,5/6/2020,23:22,80,0.41,0x06a,1.06E+02
977,5/6/2020,23:23,80,0.41,0x069,1.05E+02
978,5/6/2020,23:25,80,0.41,0x05b,9.10E+01
979,5/6/2020,23:27,80,0.41,0x05b,9.10E+01
980,5/6/2020,23:28,80,0.41,0x05a,9.00E+01
981,5/6/2020,23:31,80,0.41,0x058,8.80E+01
982,5/6/2020,23:32,80,0.41,0x056,8.60E+01
983,5/6/2020,23:32,80,0.41,0x051,8.10E+01
984,5/6/2020,23:33,80,0.41,0x04f,7.90E+01
985,5/6/2020,23:33,80,0.41,0x04d,7.70E+01
986,5/6/2020,23:34,80,0.41,0x04c,7.60E+01
987,5/6/2020,23:41,80,0.41,0x045,6.90E+01
988,5/6/2020,23:41,80,0.41,0x037,5.50E+01
989,5/6/2020,23:43,80,0.41,0x036,5.40E+01
990,5/6/2020,23:43,80,0.4,0x036,5.40E+01
991,5/6/2020,23:45,80,0.4,0x033,5.10E+01
992,5/6/2020,23:47,80,0.4,0x02a,4.20E+01
993,5/6/2020,23:49,80,0.4,0x029,4.10E+01
994,5/6/2020,23:51,80,0.4,0x025,3.70E+01
995,5/6/2020,23:53,80,0.4,0x022,3.40E+01
996,5/6/2020,23:53,80,0.4,0x01f,3.10E+01
997,5/6/2020,23:56,80,0.4,0x014,2.00E+01
998,5/6/2020,23:57,80,0.4,0x013,1.90E+01
999,5/6/2020,23:57,80,0.4,0x006,6.00E+00
1000,5/6/2020,23:58,80,0.4,0x001,1.00E+00
